,experiment,day,individual,mm2,condition,feedingreg,reltime,log body size
3366,Cyclicfeeding_starving,0,P10_1,1.3,RES,FED,0,0.26236426446749106
3367,Cyclicfeeding_starving,0,P10_2,0.78,RES,FED,0,-0.2484613592984996
3368,Cyclicfeeding_starving,0,P10_3,0.96,RES,FED,0,-0.040821994520255166
3369,Cyclicfeeding_starving,0,P10_4,0.83,RES,FED,0,-0.18632957819149348
3370,Cyclicfeeding_starving,0,P10_5,1.12,RES,FED,0,0.11332868530700327
3371,Cyclicfeeding_starving,0,P10_6,1.11,RES,FED,0,0.10436001532424286
3372,Cyclicfeeding_starving,0,P11_1,0.79,RES,FED,0,-0.23572233352106983
3373,Cyclicfeeding_starving,0,P11_2,1.22,RES,FED,0,0.19885085874516517
3374,Cyclicfeeding_starving,0,P11_3,1.26,RES,FED,0,0.23111172096338664
3375,Cyclicfeeding_starving,0,P11_4,1.31,RES,FED,0,0.2700271372130602
3376,Cyclicfeeding_starving,0,P11_5,1.57,RES,FED,0,0.45107561936021673
3377,Cyclicfeeding_starving,0,P11_6,1.78,RES,FED,0,0.5766133643039938
3378,Cyclicfeeding_starving,0,P12_1,0.91,RES,FED,0,-0.09431067947124129
3379,Cyclicfeeding_starving,0,P12_2,0.9,RES,FED,0,-0.10536051565782628
3380,Cyclicfeeding_starving,0,P12_3,1.31,RES,FED,0,0.2700271372130602
3381,Cyclicfeeding_starving,0,P12_4,1.2,RES,FED,0,0.1823215567939546
3382,Cyclicfeeding_starving,0,P12_5,1.4,RES,FED,0,0.3364722366212129
3383,Cyclicfeeding_starving,0,P12_6,1.05,RES,FED,0,0.04879016416943205
3384,Cyclicfeeding_starving,0,P13_1,1.01,RES,FED,0,0.009950330853168092
3385,Cyclicfeeding_starving,0,P13_2,1.17,RES,FED,0,0.1570037488096647
3386,Cyclicfeeding_starving,0,P13_3,1.03,RES,FED,0,0.02955880224154443
3387,Cyclicfeeding_starving,0,P13_4,1.16,RES,FED,0,0.14842000511827322
3388,Cyclicfeeding_starving,0,P13_5,1.36,RES,FED,0,0.3074846997479607
3389,Cyclicfeeding_starving,0,P13_6,1.08,RES,FED,0,0.0769610411361284
3390,Cyclicfeeding_starving,0,P14_1,0.78,RES,FED,0,-0.2484613592984996
3391,Cyclicfeeding_starving,0,P14_2,1.03,RES,FED,0,0.02955880224154443
3392,Cyclicfeeding_starving,0,P14_3,1.06,RES,FED,0,0.058268908123975824
3393,Cyclicfeeding_starving,0,P14_4,1.74,RES,FED,0,0.5538851132264376
3394,Cyclicfeeding_starving,0,P14_5,1.22,RES,FED,0,0.19885085874516517
3395,Cyclicfeeding_starving,0,P14_6,1.03,RES,FED,0,0.02955880224154443
3396,Cyclicfeeding_starving,0,P15_1,1.04,RES,FED,0,0.03922071315328133
3397,Cyclicfeeding_starving,0,P15_2,1.02,RES,FED,0,0.01980262729617973
3398,Cyclicfeeding_starving,0,P15_3,1.4,RES,FED,0,0.3364722366212129
3399,Cyclicfeeding_starving,0,P15_4,0.83,RES,FED,0,-0.18632957819149348
3400,Cyclicfeeding_starving,0,P15_5,1.14,RES,FED,0,0.131028262406404
3401,Cyclicfeeding_starving,0,P15_6,1.3,RES,FED,0,0.26236426446749106
3402,Cyclicfeeding_starving,0,P16_1,0.86,RES,FED,0,-0.15082288973458366
3403,Cyclicfeeding_starving,0,P16_2,1.05,RES,FED,0,0.04879016416943205
3404,Cyclicfeeding_starving,0,P16_3,1.39,RES,FED,0,0.3293037471426003
3405,Cyclicfeeding_starving,0,P16_4,0.84,RES,FED,0,-0.1743533871447778
3406,Cyclicfeeding_starving,0,P16_5,1.29,RES,FED,0,0.25464221837358075
3407,Cyclicfeeding_starving,0,P16_6,0.99,RES,FED,0,-0.01005033585350145
3450,Cyclicfeeding_starving,0,P9_1,1.41,RES,FED,0,0.34358970439007686
3451,Cyclicfeeding_starving,0,P9_2,1.28,RES,FED,0,0.2468600779315258
3452,Cyclicfeeding_starving,0,P9_3,1.24,RES,FED,0,0.2151113796169455
3453,Cyclicfeeding_starving,0,P9_4,1.49,RES,FED,0,0.3987761199573678
3454,Cyclicfeeding_starving,0,P9_5,1.07,RES,FED,0,0.06765864847381486
3455,Cyclicfeeding_starving,0,P9_6,1.12,RES,FED,0,0.11332868530700327
3462,Cyclicfeeding_starving,2,P10_1,1.69,RES,FED,2,0.5247285289349821
3463,Cyclicfeeding_starving,2,P10_2,1.52,RES,FED,2,0.41871033485818504
3464,Cyclicfeeding_starving,2,P10_3,2.09,RES,FED,2,0.7371640659767196
3465,Cyclicfeeding_starving,2,P10_4,1.51,RES,FED,2,0.412109650826833
3466,Cyclicfeeding_starving,2,P10_5,2.03,RES,FED,2,0.7080357930536959
3467,Cyclicfeeding_starving,2,P10_6,0.78,RES,FED,2,-0.2484613592984996
3468,Cyclicfeeding_starving,2,P11_1,1.71,RES,FED,2,0.5364933705145685
3469,Cyclicfeeding_starving,2,P11_2,1.38,RES,FED,2,0.3220834991691132
3470,Cyclicfeeding_starving,2,P11_3,1.67,RES,FED,2,0.5128236264286637
3471,Cyclicfeeding_starving,2,P11_4,1.81,RES,FED,2,0.5933268452777344
3472,Cyclicfeeding_starving,2,P11_5,2.97,RES,FED,2,1.0885619528146082
3473,Cyclicfeeding_starving,2,P11_6,3.24,RES,FED,2,1.1755733298042381
3474,Cyclicfeeding_starving,2,P12_1,1.17,RES,FED,2,0.1570037488096647
3475,Cyclicfeeding_starving,2,P12_2,1.11,RES,FED,2,0.10436001532424286
3476,Cyclicfeeding_starving,2,P12_3,1.29,RES,FED,2,0.25464221837358075
3477,Cyclicfeeding_starving,2,P12_4,1.26,RES,FED,2,0.23111172096338664
3478,Cyclicfeeding_starving,2,P12_5,1.59,RES,FED,2,0.4637340162321402
3479,Cyclicfeeding_starving,2,P12_6,1.66,RES,FED,2,0.5068176023684519
3480,Cyclicfeeding_starving,2,P13_1,1.67,RES,FED,2,0.5128236264286637
3481,Cyclicfeeding_starving,2,P13_2,1.83,RES,FED,2,0.6043159668533296
3482,Cyclicfeeding_starving,2,P13_3,0.86,RES,FED,2,-0.15082288973458366
3483,Cyclicfeeding_starving,2,P13_4,2.5,RES,FED,2,0.9162907318741551
3484,Cyclicfeeding_starving,2,P13_5,2.03,RES,FED,2,0.7080357930536959
3485,Cyclicfeeding_starving,2,P13_6,1.65,RES,FED,2,0.5007752879124892
3486,Cyclicfeeding_starving,2,P14_1,0.72,RES,FED,2,-0.3285040669720361
3487,Cyclicfeeding_starving,2,P14_2,1.1,RES,FED,2,0.09531017980432493
3488,Cyclicfeeding_starving,2,P14_3,1.15,RES,FED,2,0.13976194237515863
3489,Cyclicfeeding_starving,2,P14_4,1.8,RES,FED,2,0.5877866649021191
3490,Cyclicfeeding_starving,2,P14_5,1.4,RES,FED,2,0.3364722366212129
3491,Cyclicfeeding_starving,2,P14_6,1.26,RES,FED,2,0.23111172096338664
3492,Cyclicfeeding_starving,2,P15_1,1.22,RES,FED,2,0.19885085874516517
3493,Cyclicfeeding_starving,2,P15_2,1.9,RES,FED,2,0.6418538861723947
3494,Cyclicfeeding_starving,2,P15_3,1.13,RES,FED,2,0.12221763272424911
3495,Cyclicfeeding_starving,2,P15_4,0.8,RES,FED,2,-0.2231435513142097
3496,Cyclicfeeding_starving,2,P15_5,2.01,RES,FED,2,0.6981347220709843
3497,Cyclicfeeding_starving,2,P15_6,1.77,RES,FED,2,0.5709795465857378
3498,Cyclicfeeding_starving,2,P16_1,1.17,RES,FED,2,0.1570037488096647
3499,Cyclicfeeding_starving,2,P16_2,1.32,RES,FED,2,0.27763173659827955
3500,Cyclicfeeding_starving,2,P16_3,1.57,RES,FED,2,0.45107561936021673
3501,Cyclicfeeding_starving,2,P16_4,1.55,RES,FED,2,0.4382549309311553
3502,Cyclicfeeding_starving,2,P16_5,1.86,RES,FED,2,0.62057648772511
3503,Cyclicfeeding_starving,2,P16_6,1.29,RES,FED,2,0.25464221837358075
3546,Cyclicfeeding_starving,2,P9_1,1.59,RES,FED,2,0.4637340162321402
3547,Cyclicfeeding_starving,2,P9_2,2.01,RES,FED,2,0.6981347220709843
3548,Cyclicfeeding_starving,2,P9_3,1.59,RES,FED,2,0.4637340162321402
3549,Cyclicfeeding_starving,2,P9_4,2.3,RES,FED,2,0.8329091229351039
3550,Cyclicfeeding_starving,2,P9_5,1.94,RES,FED,2,0.6626879730752367
3551,Cyclicfeeding_starving,2,P9_6,2.02,RES,FED,2,0.7030975114131134
3558,Cyclicfeeding_starving,4,P10_1,3.32,RES,FED,4,1.199964782928397
3559,Cyclicfeeding_starving,4,P10_2,1.71,RES,FED,4,0.5364933705145685
3560,Cyclicfeeding_starving,4,P10_3,1.68,RES,FED,4,0.5187937934151675
3561,Cyclicfeeding_starving,4,P10_4,2.09,RES,FED,4,0.7371640659767196
3562,Cyclicfeeding_starving,4,P10_5,2.4,RES,FED,4,0.8754687373538999
3563,Cyclicfeeding_starving,4,P10_6,1.95,RES,FED,4,0.6678293725756554
3564,Cyclicfeeding_starving,4,P11_1,2.21,RES,FED,4,0.7929925155296614
3565,Cyclicfeeding_starving,4,P11_2,1.82,RES,FED,4,0.598836501088704
3566,Cyclicfeeding_starving,4,P11_3,2.03,RES,FED,4,0.7080357930536959
3567,Cyclicfeeding_starving,4,P11_4,2.19,RES,FED,4,0.7839015438284094
3568,Cyclicfeeding_starving,4,P11_5,3.48,RES,FED,4,1.247032293786383
3569,Cyclicfeeding_starving,4,P11_6,3.22,RES,FED,4,1.169381359556317
3570,Cyclicfeeding_starving,4,P12_1,1.48,RES,FED,4,0.3920420877760237
3571,Cyclicfeeding_starving,4,P12_2,3.0,RES,FED,4,1.0986122886681098
3572,Cyclicfeeding_starving,4,P12_3,2.76,RES,FED,4,1.0152306797290584
3573,Cyclicfeeding_starving,4,P12_4,1.65,RES,FED,4,0.5007752879124892
3574,Cyclicfeeding_starving,4,P12_5,3.39,RES,FED,4,1.220829921392359
3575,Cyclicfeeding_starving,4,P12_6,2.41,RES,FED,4,0.8796267475025636
3576,Cyclicfeeding_starving,4,P13_1,1.94,RES,FED,4,0.6626879730752367
3577,Cyclicfeeding_starving,4,P13_2,2.58,RES,FED,4,0.9477893989335261
3578,Cyclicfeeding_starving,4,P13_3,2.38,RES,FED,4,0.8671004876833833
3579,Cyclicfeeding_starving,4,P13_4,2.71,RES,FED,4,0.9969486348916096
3580,Cyclicfeeding_starving,4,P13_5,1.99,RES,FED,4,0.688134638736401
3581,Cyclicfeeding_starving,4,P13_6,2.54,RES,FED,4,0.9321640810304452
3582,Cyclicfeeding_starving,4,P14_1,1.18,RES,FED,4,0.16551443847757333
3583,Cyclicfeeding_starving,4,P14_2,1.74,RES,FED,4,0.5538851132264376
3584,Cyclicfeeding_starving,4,P14_3,1.25,RES,FED,4,0.22314355131420976
3585,Cyclicfeeding_starving,4,P14_4,3.27,RES,FED,4,1.184789984909162
3586,Cyclicfeeding_starving,4,P14_5,1.99,RES,FED,4,0.688134638736401
3587,Cyclicfeeding_starving,4,P14_6,2.3,RES,FED,4,0.8329091229351039
3588,Cyclicfeeding_starving,4,P15_1,2.36,RES,FED,4,0.8586616190375187
3589,Cyclicfeeding_starving,4,P15_2,1.55,RES,FED,4,0.4382549309311553
3590,Cyclicfeeding_starving,4,P15_3,2.75,RES,FED,4,1.0116009116784799
3591,Cyclicfeeding_starving,4,P15_4,1.01,RES,FED,4,0.009950330853168092
3592,Cyclicfeeding_starving,4,P15_5,2.5,RES,FED,4,0.9162907318741551
3593,Cyclicfeeding_starving,4,P15_6,2.72,RES,FED,4,1.000631880307906
3594,Cyclicfeeding_starving,4,P16_1,1.84,RES,FED,4,0.6097655716208943
3595,Cyclicfeeding_starving,4,P16_2,1.86,RES,FED,4,0.62057648772511
3596,Cyclicfeeding_starving,4,P16_3,3.46,RES,FED,4,1.2412685890696329
3597,Cyclicfeeding_starving,4,P16_4,2.14,RES,FED,4,0.7608058290337602
3598,Cyclicfeeding_starving,4,P16_5,2.61,RES,FED,4,0.959350221334602
3599,Cyclicfeeding_starving,4,P16_6,1.46,RES,FED,4,0.37843643572024505
3642,Cyclicfeeding_starving,4,P9_1,2.52,RES,FED,4,0.9242589015233319
3643,Cyclicfeeding_starving,4,P9_2,1.98,RES,FED,4,0.6830968447064438
3644,Cyclicfeeding_starving,4,P9_3,0.07,RES,FED,4,-2.659260036932778
3645,Cyclicfeeding_starving,4,P9_4,2.22,RES,FED,4,0.7975071958841882
3646,Cyclicfeeding_starving,4,P9_5,1.8,RES,FED,4,0.5877866649021191
3647,Cyclicfeeding_starving,4,P9_6,3.2,RES,FED,4,1.1631508098056809
3654,Cyclicfeeding_starving,6,P10_1,6.58,RES,FED,6,1.884034745337226
3655,Cyclicfeeding_starving,6,P10_2,4.75,RES,FED,6,1.55814461804655
3656,Cyclicfeeding_starving,6,P10_3,6.46,RES,FED,6,1.8656293177945105
3657,Cyclicfeeding_starving,6,P10_4,4.52,RES,FED,6,1.5085119938441398
3658,Cyclicfeeding_starving,6,P10_5,6.39,RES,FED,6,1.8547342683894434
3659,Cyclicfeeding_starving,6,P10_6,3.96,RES,FED,6,1.3762440252663892
3660,Cyclicfeeding_starving,6,P11_1,5.1,RES,FED,6,1.62924053973028
3661,Cyclicfeeding_starving,6,P11_2,4.14,RES,FED,6,1.4206957878372228
3662,Cyclicfeeding_starving,6,P11_3,4.14,RES,FED,6,1.4206957878372228
3663,Cyclicfeeding_starving,6,P11_4,4.59,RES,FED,6,1.5238800240724537
3664,Cyclicfeeding_starving,6,P11_5,8.57,RES,FED,6,2.1482677326096886
3665,Cyclicfeeding_starving,6,P11_6,7.87,RES,FED,6,2.063058062429312
3666,Cyclicfeeding_starving,6,P12_1,2.51,RES,FED,6,0.9202827531436925
3667,Cyclicfeeding_starving,6,P12_2,3.69,RES,FED,6,1.3056264580524357
3668,Cyclicfeeding_starving,6,P12_3,4.41,RES,FED,6,1.4838746894587547
3669,Cyclicfeeding_starving,6,P12_4,2.57,RES,FED,6,0.9439058989071284
3670,Cyclicfeeding_starving,6,P12_5,4.73,RES,FED,6,1.5539252025038417
3671,Cyclicfeeding_starving,6,P12_6,2.42,RES,FED,6,0.883767540168595
3672,Cyclicfeeding_starving,6,P13_1,4.11,RES,FED,6,1.4134230285081433
3673,Cyclicfeeding_starving,6,P13_2,4.75,RES,FED,6,1.55814461804655
3674,Cyclicfeeding_starving,6,P13_3,3.78,RES,FED,6,1.3297240096314962
3675,Cyclicfeeding_starving,6,P13_4,5.88,RES,FED,6,1.7715567619105355
3676,Cyclicfeeding_starving,6,P13_5,3.42,RES,FED,6,1.2296405510745139
3677,Cyclicfeeding_starving,6,P13_6,4.04,RES,FED,6,1.3962446919730587
3678,Cyclicfeeding_starving,6,P14_1,3.51,RES,FED,6,1.2556160374777743
3679,Cyclicfeeding_starving,6,P14_2,3.19,RES,FED,6,1.1600209167967532
3680,Cyclicfeeding_starving,6,P14_3,4.52,RES,FED,6,1.5085119938441398
3681,Cyclicfeeding_starving,6,P14_4,4.09,RES,FED,6,1.4085449700547104
3682,Cyclicfeeding_starving,6,P14_5,4.17,RES,FED,6,1.4279160358107101
3683,Cyclicfeeding_starving,6,P14_6,4.18,RES,FED,6,1.430311246536665
3684,Cyclicfeeding_starving,6,P15_1,4.25,RES,FED,6,1.4469189829363254
3685,Cyclicfeeding_starving,6,P15_2,3.5,RES,FED,6,1.252762968495368
3686,Cyclicfeeding_starving,6,P15_3,6.07,RES,FED,6,1.803358605071407
3687,Cyclicfeeding_starving,6,P15_4,2.42,RES,FED,6,0.883767540168595
3688,Cyclicfeeding_starving,6,P15_5,4.62,RES,FED,6,1.5303947050936475
3689,Cyclicfeeding_starving,6,P15_6,4.85,RES,FED,6,1.5789787049493917
3690,Cyclicfeeding_starving,6,P16_1,3.69,RES,FED,6,1.3056264580524357
3691,Cyclicfeeding_starving,6,P16_2,5.21,RES,FED,6,1.6505798557652755
3692,Cyclicfeeding_starving,6,P16_3,4.73,RES,FED,6,1.5539252025038417
3693,Cyclicfeeding_starving,6,P16_4,4.35,RES,FED,6,1.4701758451005926
3694,Cyclicfeeding_starving,6,P16_5,5.2,RES,FED,6,1.6486586255873816
3695,Cyclicfeeding_starving,6,P16_6,3.13,RES,FED,6,1.1410330045520618
3738,Cyclicfeeding_starving,6,P9_1,4.64,RES,FED,6,1.534714366238164
3739,Cyclicfeeding_starving,6,P9_2,5.37,RES,FED,6,1.6808279085207734
3740,Cyclicfeeding_starving,6,P9_3,5.7,RES,FED,6,1.7404661748405046
3741,Cyclicfeeding_starving,6,P9_4,8.44,RES,FED,6,2.1329823086078656
3742,Cyclicfeeding_starving,6,P9_5,4.04,RES,FED,6,1.3962446919730587
3743,Cyclicfeeding_starving,6,P9_6,5.34,RES,FED,6,1.6752256529721035
3750,Cyclicfeeding_starving,8,P10_1,7.96,RES,FED,8,2.0744289998562917
3751,Cyclicfeeding_starving,8,P10_2,7.68,RES,FED,8,2.038619547159581
3752,Cyclicfeeding_starving,8,P10_3,9.83,RES,FED,8,2.285438934159075
3753,Cyclicfeeding_starving,8,P10_4,6.39,RES,FED,8,1.8547342683894434
3754,Cyclicfeeding_starving,8,P10_5,7.24,RES,FED,8,1.979621206397625
3755,Cyclicfeeding_starving,8,P10_6,5.81,RES,FED,8,1.7595805708638197
3756,Cyclicfeeding_starving,8,P11_1,7.95,RES,FED,8,2.0731719286662407
3757,Cyclicfeeding_starving,8,P11_2,7.53,RES,FED,8,2.018895041811802
3758,Cyclicfeeding_starving,8,P11_3,8.38,RES,FED,8,2.125847914493992
3759,Cyclicfeeding_starving,8,P11_4,7.22,RES,FED,8,1.9768549529047348
3760,Cyclicfeeding_starving,8,P11_5,10.0,RES,FED,8,2.302585092994046
3761,Cyclicfeeding_starving,8,P11_6,10.31,RES,FED,8,2.333114298028869
3762,Cyclicfeeding_starving,8,P12_1,4.05,RES,FED,8,1.3987168811184478
3763,Cyclicfeeding_starving,8,P12_2,5.91,RES,FED,8,1.776645831418007
3764,Cyclicfeeding_starving,8,P12_3,6.86,RES,FED,8,1.925707441737794
3765,Cyclicfeeding_starving,8,P12_4,4.29,RES,FED,8,1.4562867329399256
3766,Cyclicfeeding_starving,8,P12_5,7.08,RES,FED,8,1.9572739077056285
3767,Cyclicfeeding_starving,8,P12_6,5.28,RES,FED,8,1.6639260977181702
3768,Cyclicfeeding_starving,8,P13_1,7.27,RES,FED,8,1.9837562915454279
3769,Cyclicfeeding_starving,8,P13_2,7.33,RES,FED,8,1.9919755158985601
3770,Cyclicfeeding_starving,8,P13_3,5.79,RES,FED,8,1.7561322915849038
3771,Cyclicfeeding_starving,8,P13_4,8.69,RES,FED,8,2.162172939277301
3772,Cyclicfeeding_starving,8,P13_5,4.91,RES,FED,8,1.5912739418064292
3773,Cyclicfeeding_starving,8,P13_6,5.36,RES,FED,8,1.6789639750827108
3774,Cyclicfeeding_starving,8,P14_1,4.25,RES,FED,8,1.4469189829363254
3775,Cyclicfeeding_starving,8,P14_2,4.78,RES,FED,8,1.5644405465033646
3776,Cyclicfeeding_starving,8,P14_3,4.62,RES,FED,8,1.5303947050936475
3777,Cyclicfeeding_starving,8,P14_4,5.68,RES,FED,8,1.7369512327330598
3778,Cyclicfeeding_starving,8,P14_5,5.72,RES,FED,8,1.7439688053917064
3779,Cyclicfeeding_starving,8,P14_6,6.53,RES,FED,8,1.8764069432883397
3780,Cyclicfeeding_starving,8,P15_1,8.1,RES,FED,8,2.0918640616783932
3781,Cyclicfeeding_starving,8,P15_2,5.33,RES,FED,8,1.673351238177753
3782,Cyclicfeeding_starving,8,P15_3,8.77,RES,FED,8,2.1713368063840917
3783,Cyclicfeeding_starving,8,P15_4,3.3,RES,FED,8,1.1939224684724346
3784,Cyclicfeeding_starving,8,P15_5,6.79,RES,FED,8,1.9154509415706047
3785,Cyclicfeeding_starving,8,P15_6,6.21,RES,FED,8,1.8261608959453874
3786,Cyclicfeeding_starving,8,P16_1,6.05,RES,FED,8,1.80005827204275
3787,Cyclicfeeding_starving,8,P16_2,7.59,RES,FED,8,2.0268315914075385
3788,Cyclicfeeding_starving,8,P16_3,6.4,RES,FED,8,1.8562979903656263
3789,Cyclicfeeding_starving,8,P16_4,7.2,RES,FED,8,1.9740810260220096
3790,Cyclicfeeding_starving,8,P16_5,7.89,RES,FED,8,2.065596134857783
3791,Cyclicfeeding_starving,8,P16_6,7.61,RES,FED,8,2.0294631718735947
3834,Cyclicfeeding_starving,8,P9_1,8.54,RES,FED,8,2.1447610078004784
3835,Cyclicfeeding_starving,8,P9_2,8.68,RES,FED,8,2.1610215286722587
3836,Cyclicfeeding_starving,8,P9_3,7.99,RES,FED,8,2.0781907597781832
3837,Cyclicfeeding_starving,8,P9_4,11.74,RES,FED,8,2.4630018143999504
3838,Cyclicfeeding_starving,8,P9_5,7.62,RES,FED,8,2.030776369698555
3839,Cyclicfeeding_starving,8,P9_6,6.77,RES,FED,8,1.9125010869241836
3846,Cyclicfeeding_starving,10,P10_1,13.24,RES,FED,10,2.5832425505088623
3847,Cyclicfeeding_starving,10,P10_2,12.33,RES,FED,10,2.512035317176253
3848,Cyclicfeeding_starving,10,P10_3,15.63,RES,FED,10,2.749192144433385
3849,Cyclicfeeding_starving,10,P10_4,9.33,RES,FED,10,2.2332350148592526
3850,Cyclicfeeding_starving,10,P10_5,9.52,RES,FED,10,2.253394848803274
3851,Cyclicfeeding_starving,10,P10_6,11.44,RES,FED,10,2.437115985951652
3852,Cyclicfeeding_starving,10,P11_1,10.01,RES,FED,10,2.303584593327129
3853,Cyclicfeeding_starving,10,P11_2,15.03,RES,FED,10,2.710048203764883
3854,Cyclicfeeding_starving,10,P11_3,15.7,RES,FED,10,2.7536607123542622
3855,Cyclicfeeding_starving,10,P11_4,10.01,RES,FED,10,2.303584593327129
3856,Cyclicfeeding_starving,10,P11_5,13.12,RES,FED,10,2.574137783515943
3857,Cyclicfeeding_starving,10,P11_6,13.04,RES,FED,10,2.5680215564985067
3858,Cyclicfeeding_starving,10,P12_1,5.31,RES,FED,10,1.6695918352538475
3859,Cyclicfeeding_starving,10,P12_2,10.35,RES,FED,10,2.336986519711378
3860,Cyclicfeeding_starving,10,P12_3,11.25,RES,FED,10,2.4203681286504293
3861,Cyclicfeeding_starving,10,P12_4,7.02,RES,FED,10,1.9487632180377197
3862,Cyclicfeeding_starving,10,P12_5,9.81,RES,FED,10,2.2834022735772717
3863,Cyclicfeeding_starving,10,P12_6,12.62,RES,FED,10,2.5352828571130672
3864,Cyclicfeeding_starving,10,P13_1,11.85,RES,FED,10,2.47232786758114
3865,Cyclicfeeding_starving,10,P13_2,11.1,RES,FED,10,2.4069451083182885
3866,Cyclicfeeding_starving,10,P13_3,9.93,RES,FED,10,2.295560478057081
3867,Cyclicfeeding_starving,10,P13_4,10.89,RES,FED,10,2.387844936944869
3868,Cyclicfeeding_starving,10,P13_5,8.97,RES,FED,10,2.1938856760707046
3869,Cyclicfeeding_starving,10,P13_6,11.29,RES,FED,10,2.4239173781615704
3870,Cyclicfeeding_starving,10,P14_1,8.64,RES,FED,10,2.1564025828159643
3871,Cyclicfeeding_starving,10,P14_2,8.2,RES,FED,10,2.1041341542702074
3872,Cyclicfeeding_starving,10,P14_3,10.73,RES,FED,10,2.373043556642607
3873,Cyclicfeeding_starving,10,P14_4,10.1,RES,FED,10,2.312535423847214
3874,Cyclicfeeding_starving,10,P14_5,7.58,RES,FED,10,2.0255131996542803
3875,Cyclicfeeding_starving,10,P14_6,10.74,RES,FED,10,2.3739750890807185
3876,Cyclicfeeding_starving,10,P15_1,9.98,RES,FED,10,2.300583090323373
3877,Cyclicfeeding_starving,10,P15_2,10.63,RES,FED,10,2.363680192353857
3878,Cyclicfeeding_starving,10,P15_3,10.4,RES,FED,10,2.341805806147327
3879,Cyclicfeeding_starving,10,P15_4,6.08,RES,FED,10,1.8050046959780757
3880,Cyclicfeeding_starving,10,P15_5,7.22,RES,FED,10,1.9768549529047348
3881,Cyclicfeeding_starving,10,P15_6,8.76,RES,FED,10,2.1701959049483
3882,Cyclicfeeding_starving,10,P16_1,8.15,RES,FED,10,2.0980179272527715
3883,Cyclicfeeding_starving,10,P16_2,12.08,RES,FED,10,2.4915511925066687
3884,Cyclicfeeding_starving,10,P16_3,11.42,RES,FED,10,2.435366204227864
3885,Cyclicfeeding_starving,10,P16_4,7.49,RES,FED,10,2.0135687975291283
3886,Cyclicfeeding_starving,10,P16_5,10.66,RES,FED,10,2.3664984187376983
3887,Cyclicfeeding_starving,10,P16_6,13.14,RES,FED,10,2.5756610130564646
3930,Cyclicfeeding_starving,10,P9_1,9.73,RES,FED,10,2.2752138961979136
3931,Cyclicfeeding_starving,10,P9_2,6.06,RES,FED,10,1.801709800081223
3932,Cyclicfeeding_starving,10,P9_3,9.26,RES,FED,10,2.225704048658088
3933,Cyclicfeeding_starving,10,P9_4,9.14,RES,FED,10,2.2126603854660587
3934,Cyclicfeeding_starving,10,P9_5,9.64,RES,FED,10,2.265921108622454
3935,Cyclicfeeding_starving,10,P9_6,5.67,RES,FED,10,1.7351891177396608
3942,Cyclicfeeding_starving,12,P10_1,15.88,RES,STARVED,2,2.7650604558189897
3943,Cyclicfeeding_starving,12,P10_2,18.22,RES,STARVED,2,2.9025198918318122
3944,Cyclicfeeding_starving,12,P10_3,14.17,RES,STARVED,2,2.6511270537025893
3945,Cyclicfeeding_starving,12,P10_4,12.34,RES,STARVED,2,2.5128460184772416
3946,Cyclicfeeding_starving,12,P10_5,10.07,RES,STARVED,2,2.309560706730471
3947,Cyclicfeeding_starving,12,P10_6,7.68,RES,STARVED,2,2.038619547159581
3948,Cyclicfeeding_starving,12,P11_1,8.47,RES,STARVED,2,2.136530508663963
3949,Cyclicfeeding_starving,12,P11_2,12.5,RES,STARVED,2,2.5257286443082556
3950,Cyclicfeeding_starving,12,P11_3,17.99,RES,STARVED,2,2.8898160479624417
3951,Cyclicfeeding_starving,12,P11_4,13.74,RES,STARVED,2,2.620311286794203
3952,Cyclicfeeding_starving,12,P11_5,14.9,RES,STARVED,2,2.7013612129514133
3953,Cyclicfeeding_starving,12,P11_6,10.6,RES,STARVED,2,2.3608540011180215
3954,Cyclicfeeding_starving,12,P12_1,10.98,RES,STARVED,2,2.3960754360813845
3955,Cyclicfeeding_starving,12,P12_2,11.76,RES,STARVED,2,2.464703942470481
3956,Cyclicfeeding_starving,12,P12_3,8.27,RES,STARVED,2,2.1126345090356
3957,Cyclicfeeding_starving,12,P12_4,8.05,RES,STARVED,2,2.0856720914304723
3958,Cyclicfeeding_starving,12,P12_5,11.4,RES,STARVED,2,2.4336133554004498
3959,Cyclicfeeding_starving,12,P12_6,10.93,RES,STARVED,2,2.391511302188447
3960,Cyclicfeeding_starving,12,P13_1,15.37,RES,STARVED,2,2.7324175575505043
3961,Cyclicfeeding_starving,12,P13_2,16.19,RES,STARVED,2,2.784393767689544
3962,Cyclicfeeding_starving,12,P13_3,14.57,RES,STARVED,2,2.6789646202071133
3963,Cyclicfeeding_starving,12,P13_4,10.72,RES,STARVED,2,2.372111155642656
3964,Cyclicfeeding_starving,12,P13_5,8.07,RES,STARVED,2,2.0881534822818573
3965,Cyclicfeeding_starving,12,P13_6,10.2,RES,STARVED,2,2.322387720290225
3966,Cyclicfeeding_starving,12,P14_1,10.62,RES,STARVED,2,2.362739015813793
3967,Cyclicfeeding_starving,12,P14_2,9.84,RES,STARVED,2,2.286455711064162
3968,Cyclicfeeding_starving,12,P14_3,10.77,RES,STARVED,2,2.3767644911682972
3969,Cyclicfeeding_starving,12,P14_4,11.0,RES,STARVED,2,2.3978952727983707
3970,Cyclicfeeding_starving,12,P14_5,11.25,RES,STARVED,2,2.4203681286504293
3971,Cyclicfeeding_starving,12,P14_6,14.71,RES,STARVED,2,2.688527534613346
3972,Cyclicfeeding_starving,12,P15_1,9.51,RES,STARVED,2,2.252343876557299
3973,Cyclicfeeding_starving,12,P15_2,6.76,RES,STARVED,2,1.9110228900548727
3974,Cyclicfeeding_starving,12,P15_3,6.79,RES,STARVED,2,1.9154509415706047
3975,Cyclicfeeding_starving,12,P15_4,5.89,RES,STARVED,2,1.7732559976634952
3976,Cyclicfeeding_starving,12,P15_5,7.38,RES,STARVED,2,1.998773638612381
3977,Cyclicfeeding_starving,12,P15_6,9.92,RES,STARVED,2,2.2945529212967815
3978,Cyclicfeeding_starving,12,P16_1,9.24,RES,STARVED,2,2.2235418856535927
3979,Cyclicfeeding_starving,12,P16_2,10.2,RES,STARVED,2,2.322387720290225
3980,Cyclicfeeding_starving,12,P16_3,10.23,RES,STARVED,2,2.325324579963535
3981,Cyclicfeeding_starving,12,P16_4,6.28,RES,STARVED,2,1.8373699804801074
3982,Cyclicfeeding_starving,12,P16_5,10.94,RES,STARVED,2,2.392425796993835
3983,Cyclicfeeding_starving,12,P16_6,11.71,RES,STARVED,2,2.460443177609626
4026,Cyclicfeeding_starving,12,P9_1,10.5,RES,STARVED,2,2.3513752571634776
4027,Cyclicfeeding_starving,12,P9_2,14.26,RES,STARVED,2,2.65745841498615
4028,Cyclicfeeding_starving,12,P9_3,12.51,RES,STARVED,2,2.5265283244788197
4029,Cyclicfeeding_starving,12,P9_4,11.13,RES,STARVED,2,2.4096441652874536
4030,Cyclicfeeding_starving,12,P9_5,16.52,RES,STARVED,2,2.804571768092832
4031,Cyclicfeeding_starving,12,P9_6,13.46,RES,STARVED,2,2.599722324216582
4038,Cyclicfeeding_starving,14,P10_1,10.14,RES,STARVED,4,2.316487998163037
4039,Cyclicfeeding_starving,14,P10_2,12.42,RES,STARVED,4,2.519308076505333
4040,Cyclicfeeding_starving,14,P10_3,15.76,RES,STARVED,4,2.757475084429733
4041,Cyclicfeeding_starving,14,P10_4,12.05,RES,STARVED,4,2.489064659936664
4042,Cyclicfeeding_starving,14,P10_5,10.15,RES,STARVED,4,2.3174737054877963
4043,Cyclicfeeding_starving,14,P10_6,7.17,RES,STARVED,4,1.969905654611529
4044,Cyclicfeeding_starving,14,P11_1,7.9,RES,STARVED,4,2.066862759472976
4045,Cyclicfeeding_starving,14,P11_2,11.18,RES,STARVED,4,2.414126467726953
4046,Cyclicfeeding_starving,14,P11_3,17.97,RES,STARVED,4,2.8887037007954675
4047,Cyclicfeeding_starving,14,P11_4,15.78,RES,STARVED,4,2.7587433154177283
4048,Cyclicfeeding_starving,14,P11_5,13.81,RES,STARVED,4,2.6253929674212007
4049,Cyclicfeeding_starving,14,P11_6,15.65,RES,STARVED,4,2.750470916986162
4050,Cyclicfeeding_starving,14,P12_1,9.39,RES,STARVED,4,2.2396452932201716
4051,Cyclicfeeding_starving,14,P12_2,11.13,RES,STARVED,4,2.4096441652874536
4052,Cyclicfeeding_starving,14,P12_3,9.47,RES,STARVED,4,2.248128907197987
4053,Cyclicfeeding_starving,14,P12_4,5.41,RES,STARVED,4,1.6882490928583902
4054,Cyclicfeeding_starving,14,P12_5,14.96,RES,STARVED,4,2.7053799725463312
4055,Cyclicfeeding_starving,14,P12_6,12.37,RES,STARVED,4,2.5152741864043966
4056,Cyclicfeeding_starving,14,P13_1,15.82,RES,STARVED,4,2.761274962339508
4057,Cyclicfeeding_starving,14,P13_2,10.71,RES,STARVED,4,2.3711778844596574
4058,Cyclicfeeding_starving,14,P13_3,18.21,RES,STARVED,4,2.9019708937395166
4059,Cyclicfeeding_starving,14,P13_4,14.9,RES,STARVED,4,2.7013612129514133
4060,Cyclicfeeding_starving,14,P13_5,6.85,RES,STARVED,4,1.9242486522741338
4061,Cyclicfeeding_starving,14,P13_6,4.55,RES,STARVED,4,1.5151272329628591
4062,Cyclicfeeding_starving,14,P14_1,10.18,RES,STARVED,4,2.3204250111223765
4063,Cyclicfeeding_starving,14,P14_2,12.81,RES,STARVED,4,2.550226115908643
4064,Cyclicfeeding_starving,14,P14_3,11.31,RES,STARVED,4,2.425687290128029
4065,Cyclicfeeding_starving,14,P14_4,11.58,RES,STARVED,4,2.449279472144849
4066,Cyclicfeeding_starving,14,P14_5,16.39,RES,STARVED,4,2.7966713927557385
4067,Cyclicfeeding_starving,14,P14_6,11.09,RES,STARVED,4,2.4060438013622756
4068,Cyclicfeeding_starving,14,P15_1,11.86,RES,STARVED,4,2.4731713935695794
4069,Cyclicfeeding_starving,14,P15_2,12.42,RES,STARVED,4,2.519308076505333
4070,Cyclicfeeding_starving,14,P15_3,8.8,RES,STARVED,4,2.174751721484161
4071,Cyclicfeeding_starving,14,P15_4,8.08,RES,STARVED,4,2.089391872533004
4072,Cyclicfeeding_starving,14,P15_5,6.18,RES,STARVED,4,1.8213182714695995
4073,Cyclicfeeding_starving,14,P15_6,10.34,RES,STARVED,4,2.336019869080283
4074,Cyclicfeeding_starving,14,P16_1,10.98,RES,STARVED,4,2.3960754360813845
4075,Cyclicfeeding_starving,14,P16_2,9.83,RES,STARVED,4,2.285438934159075
4076,Cyclicfeeding_starving,14,P16_3,11.4,RES,STARVED,4,2.4336133554004498
4077,Cyclicfeeding_starving,14,P16_4,6.24,RES,STARVED,4,1.8309801823813363
4078,Cyclicfeeding_starving,14,P16_5,14.49,RES,STARVED,4,2.673458756332591
4079,Cyclicfeeding_starving,14,P16_6,14.6,RES,STARVED,4,2.681021528714291
4122,Cyclicfeeding_starving,14,P9_1,12.37,RES,STARVED,4,2.5152741864043966
4123,Cyclicfeeding_starving,14,P9_2,11.45,RES,STARVED,4,2.4379897300002487
4124,Cyclicfeeding_starving,14,P9_3,15.43,RES,STARVED,4,2.7363136663750693
4125,Cyclicfeeding_starving,14,P9_4,12.81,RES,STARVED,4,2.550226115908643
4126,Cyclicfeeding_starving,14,P9_5,15.52,RES,STARVED,4,2.7421295147550726
4127,Cyclicfeeding_starving,14,P9_6,11.52,RES,STARVED,4,2.444084655267745
4134,Cyclicfeeding_starving,16,P10_1,18.27,RES,STARVED,6,2.9052603703899154
4135,Cyclicfeeding_starving,16,P10_2,12.91,RES,STARVED,6,2.558002204858551
4136,Cyclicfeeding_starving,16,P10_3,15.23,RES,STARVED,6,2.7232671669070703
4137,Cyclicfeeding_starving,16,P10_4,11.04,RES,STARVED,6,2.401525040848949
4138,Cyclicfeeding_starving,16,P10_5,13.68,RES,STARVED,6,2.615934912194404
4139,Cyclicfeeding_starving,16,P10_6,5.82,RES,STARVED,6,1.7613002617433464
4140,Cyclicfeeding_starving,16,P11_1,5.65,RES,STARVED,6,1.7316555451583497
4141,Cyclicfeeding_starving,16,P11_2,7.55,RES,STARVED,6,2.0215475632609334
4142,Cyclicfeeding_starving,16,P11_3,13.41,RES,STARVED,6,2.596000697293587
4143,Cyclicfeeding_starving,16,P11_4,19.32,RES,STARVED,6,2.961140828784372
4144,Cyclicfeeding_starving,16,P11_5,16.64,RES,STARVED,6,2.8118094353930627
4145,Cyclicfeeding_starving,16,P11_6,13.56,RES,STARVED,6,2.6071242825122494
4146,Cyclicfeeding_starving,16,P12_1,13.09,RES,STARVED,6,2.5718485799218085
4147,Cyclicfeeding_starving,16,P12_2,10.72,RES,STARVED,6,2.372111155642656
4148,Cyclicfeeding_starving,16,P12_3,7.61,RES,STARVED,6,2.0294631718735947
4149,Cyclicfeeding_starving,16,P12_4,4.26,RES,STARVED,6,1.449269160281279
4150,Cyclicfeeding_starving,16,P12_5,14.78,RES,STARVED,6,2.6932749155200555
4151,Cyclicfeeding_starving,16,P12_6,14.19,RES,STARVED,6,2.6525374911719513
4152,Cyclicfeeding_starving,16,P13_1,12.12,RES,STARVED,6,2.4948569806411682
4153,Cyclicfeeding_starving,16,P13_2,13.53,RES,STARVED,6,2.604909442182697
4154,Cyclicfeeding_starving,16,P13_3,21.05,RES,STARVED,6,3.0469005601283903
4155,Cyclicfeeding_starving,16,P13_4,15.79,RES,STARVED,6,2.7593768282675506
4156,Cyclicfeeding_starving,16,P13_5,8.33,RES,STARVED,6,2.1198634561787513
4157,Cyclicfeeding_starving,16,P13_6,9.56,RES,STARVED,6,2.25758772706331
4158,Cyclicfeeding_starving,16,P14_1,14.06,RES,STARVED,6,2.643333886382519
4159,Cyclicfeeding_starving,16,P14_2,14.26,RES,STARVED,6,2.65745841498615
4160,Cyclicfeeding_starving,16,P14_3,13.58,RES,STARVED,6,2.60859812213055
4161,Cyclicfeeding_starving,16,P14_4,13.47,RES,STARVED,6,2.6004649904222727
4162,Cyclicfeeding_starving,16,P14_5,13.69,RES,STARVED,6,2.6166656393003573
4163,Cyclicfeeding_starving,16,P14_6,12.65,RES,STARVED,6,2.5376572151735295
4164,Cyclicfeeding_starving,16,P15_1,10.38,RES,STARVED,6,2.3398808777377424
4165,Cyclicfeeding_starving,16,P15_2,10.04,RES,STARVED,6,2.306577114263583
4166,Cyclicfeeding_starving,16,P15_3,6.76,RES,STARVED,6,1.9110228900548727
4167,Cyclicfeeding_starving,16,P15_4,6.48,RES,STARVED,6,1.8687205103641833
4168,Cyclicfeeding_starving,16,P15_5,7.08,RES,STARVED,6,1.9572739077056285
4169,Cyclicfeeding_starving,16,P15_6,10.78,RES,STARVED,6,2.377692565480851
4170,Cyclicfeeding_starving,16,P16_1,17.03,RES,STARVED,6,2.834976494674597
4171,Cyclicfeeding_starving,16,P16_2,12.43,RES,STARVED,6,2.5201129055226197
4172,Cyclicfeeding_starving,16,P16_3,11.09,RES,STARVED,6,2.4060438013622756
4173,Cyclicfeeding_starving,16,P16_4,5.4,RES,STARVED,6,1.6863989535702288
4174,Cyclicfeeding_starving,16,P16_5,20.15,RES,STARVED,6,3.0032042883926917
4175,Cyclicfeeding_starving,16,P16_6,17.56,RES,STARVED,6,2.8656235882069705
4218,Cyclicfeeding_starving,16,P9_1,13.83,RES,STARVED,6,2.626840145676667
4219,Cyclicfeeding_starving,16,P9_2,10.64,RES,STARVED,6,2.3646204839134985
4220,Cyclicfeeding_starving,16,P9_3,11.67,RES,STARVED,6,2.4570214462984645
4221,Cyclicfeeding_starving,16,P9_4,8.71,RES,STARVED,6,2.1644717908644115
4222,Cyclicfeeding_starving,16,P9_5,15.58,RES,STARVED,6,2.7459880404426023
4223,Cyclicfeeding_starving,16,P9_6,8.7,RES,STARVED,6,2.163323025660538
4230,Cyclicfeeding_starving,18,P10_1,13.12,RES,STARVED,8,2.574137783515943
4231,Cyclicfeeding_starving,18,P10_2,8.17,RES,STARVED,8,2.1004689088719113
4232,Cyclicfeeding_starving,18,P10_3,18.86,RES,STARVED,8,2.937043277205311
4233,Cyclicfeeding_starving,18,P10_4,9.63,RES,STARVED,8,2.2648832258100344
4234,Cyclicfeeding_starving,18,P10_5,11.49,RES,STARVED,8,2.4414770918606643
4235,Cyclicfeeding_starving,18,P10_6,4.95,RES,STARVED,8,1.599387576580599
4236,Cyclicfeeding_starving,18,P11_1,5.92,RES,STARVED,8,1.7783364488959144
4237,Cyclicfeeding_starving,18,P11_2,8.21,RES,STARVED,8,2.105352923464337
4238,Cyclicfeeding_starving,18,P11_3,14.86,RES,STARVED,8,2.698673039289613
4239,Cyclicfeeding_starving,18,P11_4,14.04,RES,STARVED,8,2.641910398597665
4240,Cyclicfeeding_starving,18,P11_5,12.12,RES,STARVED,8,2.4948569806411682
4241,Cyclicfeeding_starving,18,P11_6,10.48,RES,STARVED,8,2.349468678892896
4242,Cyclicfeeding_starving,18,P12_1,12.54,RES,STARVED,8,2.5289235352047745
4243,Cyclicfeeding_starving,18,P12_2,11.31,RES,STARVED,8,2.425687290128029
4244,Cyclicfeeding_starving,18,P12_3,9.93,RES,STARVED,8,2.295560478057081
4245,Cyclicfeeding_starving,18,P12_4,13.25,RES,STARVED,8,2.583997552432231
4246,Cyclicfeeding_starving,18,P12_5,5.73,RES,STARVED,8,1.7457155307266483
4247,Cyclicfeeding_starving,18,P12_6,6.35,RES,STARVED,8,1.8484548129046001
4248,Cyclicfeeding_starving,18,P13_1,7.51,RES,STARVED,8,2.0162354657760435
4249,Cyclicfeeding_starving,18,P13_2,7.52,RES,STARVED,8,2.017566137961748
4250,Cyclicfeeding_starving,18,P13_3,5.88,RES,STARVED,8,1.7715567619105355
4251,Cyclicfeeding_starving,18,P13_4,2.91,RES,STARVED,8,1.0681530811834012
4252,Cyclicfeeding_starving,18,P13_5,9.77,RES,STARVED,8,2.2793164660546914
4253,Cyclicfeeding_starving,18,P13_6,7.13,RES,STARVED,8,1.9643112344262046
4254,Cyclicfeeding_starving,18,P14_1,11.78,RES,STARVED,8,2.4664031782234406
4255,Cyclicfeeding_starving,18,P14_2,7.23,RES,STARVED,8,1.9782390361706734
4256,Cyclicfeeding_starving,18,P14_3,11.49,RES,STARVED,8,2.4414770918606643
4257,Cyclicfeeding_starving,18,P14_4,7.6,RES,STARVED,8,2.028148247292285
4258,Cyclicfeeding_starving,18,P14_5,9.13,RES,STARVED,8,2.211565694606877
4259,Cyclicfeeding_starving,18,P14_6,9.73,RES,STARVED,8,2.2752138961979136
4260,Cyclicfeeding_starving,18,P15_1,6.98,RES,STARVED,8,1.9430489167742813
4261,Cyclicfeeding_starving,18,P15_2,8.84,RES,STARVED,8,2.179286876649552
4262,Cyclicfeeding_starving,18,P15_3,8.37,RES,STARVED,8,2.124653884501384
4263,Cyclicfeeding_starving,18,P15_4,1.85,RES,STARVED,8,0.6151856390902335
4264,Cyclicfeeding_starving,18,P15_5,4.63,RES,STARVED,8,1.5325568680981427
4265,Cyclicfeeding_starving,18,P15_6,6.38,RES,STARVED,8,1.8531680973566984
4266,Cyclicfeeding_starving,18,P16_1,10.66,RES,STARVED,8,2.3664984187376983
4267,Cyclicfeeding_starving,18,P16_2,7.73,RES,STARVED,8,2.0451088625993306
4268,Cyclicfeeding_starving,18,P16_3,7.09,RES,STARVED,8,1.958685340544036
4269,Cyclicfeeding_starving,18,P16_4,5.16,RES,STARVED,8,1.6409365794934714
4270,Cyclicfeeding_starving,18,P16_5,14.83,RES,STARVED,8,2.696652156149841
4271,Cyclicfeeding_starving,18,P16_6,16.63,RES,STARVED,8,2.811208293204836
4314,Cyclicfeeding_starving,18,P9_1,8.38,RES,STARVED,8,2.125847914493992
4315,Cyclicfeeding_starving,18,P9_2,7.76,RES,STARVED,8,2.048982334195127
4316,Cyclicfeeding_starving,18,P9_3,11.03,RES,STARVED,8,2.400618833265411
4317,Cyclicfeeding_starving,18,P9_4,11.82,RES,STARVED,8,2.469793011977952
4318,Cyclicfeeding_starving,18,P9_5,12.19,RES,STARVED,8,2.5006159434931803
4319,Cyclicfeeding_starving,18,P9_6,7.08,RES,STARVED,8,1.9572739077056285
4326,Cyclicfeeding_starving,20,P10_1,20.64,RES,STARVED,10,3.027230940613362
4327,Cyclicfeeding_starving,20,P10_2,7.68,RES,STARVED,10,2.038619547159581
4328,Cyclicfeeding_starving,20,P10_3,20.08,RES,STARVED,10,2.9997242948235283
4329,Cyclicfeeding_starving,20,P10_4,9.93,RES,STARVED,10,2.295560478057081
4330,Cyclicfeeding_starving,20,P10_5,6.5,RES,STARVED,10,1.8718021769015913
4331,Cyclicfeeding_starving,20,P10_6,7.92,RES,STARVED,10,2.0693912058263346
4332,Cyclicfeeding_starving,20,P11_1,8.26,RES,STARVED,10,2.1114245875328868
4333,Cyclicfeeding_starving,20,P11_2,13.46,RES,STARVED,10,2.599722324216582
4334,Cyclicfeeding_starving,20,P11_3,14.4,RES,STARVED,10,2.667228206581955
4335,Cyclicfeeding_starving,20,P11_4,15.34,RES,STARVED,10,2.73046379593911
4336,Cyclicfeeding_starving,20,P11_5,16.73,RES,STARVED,10,2.8172035149987327
4337,Cyclicfeeding_starving,20,P11_6,10.44,RES,STARVED,10,2.3456445824544927
4338,Cyclicfeeding_starving,20,P12_1,14.71,RES,STARVED,10,2.688527534613346
4339,Cyclicfeeding_starving,20,P12_2,7.21,RES,STARVED,10,1.9754689512968577
4340,Cyclicfeeding_starving,20,P12_3,6.19,RES,STARVED,10,1.8229350866965048
4341,Cyclicfeeding_starving,20,P12_4,2.58,RES,STARVED,10,0.9477893989335261
4342,Cyclicfeeding_starving,20,P12_5,13.04,RES,STARVED,10,2.5680215564985067
4343,Cyclicfeeding_starving,20,P12_6,10.22,RES,STARVED,10,2.3243465847755584
4344,Cyclicfeeding_starving,20,P13_1,16.94,RES,STARVED,10,2.8296776892239084
4345,Cyclicfeeding_starving,20,P13_2,14.14,RES,STARVED,10,2.6490076604684267
4346,Cyclicfeeding_starving,20,P13_3,19.73,RES,STARVED,10,2.982140320034524
4347,Cyclicfeeding_starving,20,P13_4,14.44,RES,STARVED,10,2.67000213346468
4348,Cyclicfeeding_starving,20,P13_5,6.2,RES,STARVED,10,1.824549292051046
4349,Cyclicfeeding_starving,20,P13_6,5.09,RES,STARVED,10,1.6272778305624314
4350,Cyclicfeeding_starving,20,P14_1,15.48,RES,STARVED,10,2.739548868161581
4351,Cyclicfeeding_starving,20,P14_2,6.5,RES,STARVED,10,1.8718021769015913
4352,Cyclicfeeding_starving,20,P14_3,13.68,RES,STARVED,10,2.615934912194404
4353,Cyclicfeeding_starving,20,P14_4,12.62,RES,STARVED,10,2.5352828571130672
4354,Cyclicfeeding_starving,20,P14_5,10.5,RES,STARVED,10,2.3513752571634776
4355,Cyclicfeeding_starving,20,P14_6,11.53,RES,STARVED,10,2.4449523342809676
4356,Cyclicfeeding_starving,20,P15_1,9.23,RES,STARVED,10,2.222459048514761
4357,Cyclicfeeding_starving,20,P15_2,7.37,RES,STARVED,10,1.9974177062012453
4358,Cyclicfeeding_starving,20,P15_3,2.75,RES,STARVED,10,1.0116009116784799
4359,Cyclicfeeding_starving,20,P15_4,10.33,RES,STARVED,10,2.3350522831315472
4360,Cyclicfeeding_starving,20,P15_5,11.32,RES,STARVED,10,2.4265710727750367
4361,Cyclicfeeding_starving,20,P15_6,10.98,RES,STARVED,10,2.3960754360813845
4362,Cyclicfeeding_starving,20,P16_1,14.67,RES,STARVED,10,2.6858045921548905
4363,Cyclicfeeding_starving,20,P16_2,12.0,RES,STARVED,10,2.4849066497880004
4364,Cyclicfeeding_starving,20,P16_3,10.85,RES,STARVED,10,2.3841650799864684
4365,Cyclicfeeding_starving,20,P16_4,6.88,RES,STARVED,10,1.9286186519452522
4366,Cyclicfeeding_starving,20,P16_5,15.33,RES,STARVED,10,2.7298116928837226
4367,Cyclicfeeding_starving,20,P16_6,10.26,RES,STARVED,10,2.3282528397426234
4410,Cyclicfeeding_starving,20,P9_1,14.94,RES,STARVED,10,2.7040421797046714
4411,Cyclicfeeding_starving,20,P9_2,12.52,RES,STARVED,10,2.5273273656719524
4412,Cyclicfeeding_starving,20,P9_3,13.25,RES,STARVED,10,2.583997552432231
4413,Cyclicfeeding_starving,20,P9_4,17.58,RES,STARVED,10,2.866761892257031
4414,Cyclicfeeding_starving,20,P9_5,20.4,RES,STARVED,10,3.0155349008501706
4415,Cyclicfeeding_starving,20,P9_6,9.96,RES,STARVED,10,2.298577071596507
4422,Cyclicfeeding_starving,22,P10_1,8.61,RES,STARVED,12,2.152924318439639
4423,Cyclicfeeding_starving,22,P10_2,5.51,RES,STARVED,12,1.706564623164823
4424,Cyclicfeeding_starving,22,P10_3,9.43,RES,STARVED,12,2.2438960966453663
4425,Cyclicfeeding_starving,22,P10_4,12.47,RES,STARVED,12,2.523325759691945
4426,Cyclicfeeding_starving,22,P10_5,11.29,RES,STARVED,12,2.4239173781615704
4427,Cyclicfeeding_starving,22,P10_6,17.04,RES,STARVED,12,2.8355635214011694
4428,Cyclicfeeding_starving,22,P11_1,13.11,RES,STARVED,12,2.5733752977756086
4429,Cyclicfeeding_starving,22,P11_2,12.69,RES,STARVED,12,2.540814281726296
4430,Cyclicfeeding_starving,22,P11_3,16.6,RES,STARVED,12,2.8094026953624978
4431,Cyclicfeeding_starving,22,P11_4,12.93,RES,STARVED,12,2.559550192783766
4432,Cyclicfeeding_starving,22,P11_5,11.33,RES,STARVED,12,2.427454075039915
4433,Cyclicfeeding_starving,22,P11_6,9.43,RES,STARVED,12,2.2438960966453663
4434,Cyclicfeeding_starving,22,P12_1,8.24,RES,STARVED,12,2.1090003439213802
4435,Cyclicfeeding_starving,22,P12_2,10.89,RES,STARVED,12,2.387844936944869
4436,Cyclicfeeding_starving,22,P12_3,13.45,RES,STARVED,12,2.598979106047848
4437,Cyclicfeeding_starving,22,P12_4,15.33,RES,STARVED,12,2.7298116928837226
4438,Cyclicfeeding_starving,22,P12_5,11.82,RES,STARVED,12,2.469793011977952
4439,Cyclicfeeding_starving,22,P12_6,10.27,RES,STARVED,12,2.329227023940467
4440,Cyclicfeeding_starving,22,P13_1,7.82,RES,STARVED,12,2.05668455455722
4441,Cyclicfeeding_starving,22,P13_2,3.83,RES,STARVED,12,1.3428648031925547
4442,Cyclicfeeding_starving,22,P13_3,5.56,RES,STARVED,12,1.715598108262491
4443,Cyclicfeeding_starving,22,P13_4,4.84,RES,STARVED,12,1.5769147207285403
4444,Cyclicfeeding_starving,22,P13_5,11.85,RES,STARVED,12,2.47232786758114
4445,Cyclicfeeding_starving,22,P13_6,10.21,RES,STARVED,12,2.3233676321765744
4446,Cyclicfeeding_starving,22,P14_1,9.75,RES,STARVED,12,2.277267285009756
4447,Cyclicfeeding_starving,22,P14_2,6.78,RES,STARVED,12,1.9139771019523042
4448,Cyclicfeeding_starving,22,P14_3,10.65,RES,STARVED,12,2.365559892155434
4449,Cyclicfeeding_starving,22,P14_4,11.17,RES,STARVED,12,2.413231613081109
4450,Cyclicfeeding_starving,22,P14_5,14.3,RES,STARVED,12,2.6602595372658615
4451,Cyclicfeeding_starving,22,P14_6,11.93,RES,STARVED,12,2.4790562361098245
4452,Cyclicfeeding_starving,22,P15_1,8.49,RES,STARVED,12,2.138889000323256
4453,Cyclicfeeding_starving,22,P15_2,11.56,RES,STARVED,12,2.4475508632442313
4454,Cyclicfeeding_starving,22,P15_3,7.69,RES,STARVED,12,2.0399207835175526
4455,Cyclicfeeding_starving,22,P15_4,1.05,RES,STARVED,12,0.04879016416943205
4456,Cyclicfeeding_starving,22,P15_5,3.19,RES,STARVED,12,1.1600209167967532
4457,Cyclicfeeding_starving,22,P15_6,8.96,RES,STARVED,12,2.192770226986839
4458,Cyclicfeeding_starving,22,P16_1,14.91,RES,STARVED,12,2.702032128776647
4459,Cyclicfeeding_starving,22,P16_2,17.54,RES,STARVED,12,2.864483986944037
4460,Cyclicfeeding_starving,22,P16_3,5.62,RES,STARVED,12,1.7263316639055997
4461,Cyclicfeeding_starving,22,P16_4,8.73,RES,STARVED,12,2.166765369851511
4462,Cyclicfeeding_starving,22,P16_5,10.31,RES,STARVED,12,2.333114298028869
4463,Cyclicfeeding_starving,22,P16_6,8.08,RES,STARVED,12,2.089391872533004
4506,Cyclicfeeding_starving,22,P9_1,9.63,RES,STARVED,12,2.2648832258100344
4507,Cyclicfeeding_starving,22,P9_2,8.74,RES,STARVED,12,2.167910189667444
4508,Cyclicfeeding_starving,22,P9_3,8.62,RES,STARVED,12,2.1540850846756014
4509,Cyclicfeeding_starving,22,P9_4,12.55,RES,STARVED,12,2.529720665577793
4510,Cyclicfeeding_starving,22,P9_5,13.84,RES,STARVED,12,2.6275629501895237
4511,Cyclicfeeding_starving,22,P9_6,3.89,RES,STARVED,12,1.358409157630355
4518,Cyclicfeeding_starving,26,P10_1,15.93,RES,STARVED,16,2.768204123921957
4519,Cyclicfeeding_starving,26,P10_2,9.24,RES,STARVED,16,2.2235418856535927
4520,Cyclicfeeding_starving,26,P10_3,10.56,RES,STARVED,16,2.3570732782781154
4521,Cyclicfeeding_starving,26,P10_4,10.06,RES,STARVED,16,2.3085671646715933
4522,Cyclicfeeding_starving,26,P10_5,7.02,RES,STARVED,16,1.9487632180377197
4523,Cyclicfeeding_starving,26,P10_6,8.69,RES,STARVED,16,2.162172939277301
4525,Cyclicfeeding_starving,26,P11_2,15.2,RES,STARVED,16,2.7212954278522306
4526,Cyclicfeeding_starving,26,P11_3,14.4,RES,STARVED,16,2.667228206581955
4527,Cyclicfeeding_starving,26,P11_4,15.54,RES,STARVED,16,2.7434173449395014
4528,Cyclicfeeding_starving,26,P11_5,6.27,RES,STARVED,16,1.8357763546448294
4529,Cyclicfeeding_starving,26,P11_6,5.44,RES,STARVED,16,1.6937790608678513
4530,Cyclicfeeding_starving,26,P12_1,6.88,RES,STARVED,16,1.9286186519452522
4531,Cyclicfeeding_starving,26,P12_2,6.21,RES,STARVED,16,1.8261608959453874
4532,Cyclicfeeding_starving,26,P12_3,13.84,RES,STARVED,16,2.6275629501895237
4533,Cyclicfeeding_starving,26,P12_4,8.22,RES,STARVED,16,2.1065702090680887
4534,Cyclicfeeding_starving,26,P12_5,6.04,RES,STARVED,16,1.7984040119467235
4535,Cyclicfeeding_starving,26,P12_6,2.96,RES,STARVED,16,1.085189268335969
4536,Cyclicfeeding_starving,26,P13_1,6.42,RES,STARVED,16,1.8594181177018698
4537,Cyclicfeeding_starving,26,P13_2,6.65,RES,STARVED,16,1.8946168546677629
4538,Cyclicfeeding_starving,26,P13_3,5.33,RES,STARVED,16,1.673351238177753
4539,Cyclicfeeding_starving,26,P13_4,2.43,RES,STARVED,16,0.8878912573524571
4540,Cyclicfeeding_starving,26,P13_5,11.97,RES,STARVED,16,2.482403519569882
4541,Cyclicfeeding_starving,26,P13_6,8.55,RES,STARVED,16,2.145931282948669
4542,Cyclicfeeding_starving,26,P14_1,11.69,RES,STARVED,16,2.458733775483977
4543,Cyclicfeeding_starving,26,P14_2,7.83,RES,STARVED,16,2.057962510002712
4544,Cyclicfeeding_starving,26,P14_3,8.8,RES,STARVED,16,2.174751721484161
4545,Cyclicfeeding_starving,26,P14_4,11.46,RES,STARVED,16,2.4388627112865935
4546,Cyclicfeeding_starving,26,P14_5,10.93,RES,STARVED,16,2.391511302188447
4547,Cyclicfeeding_starving,26,P14_6,13.58,RES,STARVED,16,2.60859812213055
4548,Cyclicfeeding_starving,26,P15_1,6.99,RES,STARVED,16,1.944480556245719
4549,Cyclicfeeding_starving,26,P15_2,6.22,RES,STARVED,16,1.827769906751088
4550,Cyclicfeeding_starving,26,P15_3,4.01,RES,STARVED,16,1.3887912413184778
4551,Cyclicfeeding_starving,26,P15_4,0.95,RES,STARVED,16,-0.05129329438755058
4552,Cyclicfeeding_starving,26,P15_5,1.94,RES,STARVED,16,0.6626879730752367
4553,Cyclicfeeding_starving,26,P15_6,6.54,RES,STARVED,16,1.8779371654691073
4554,Cyclicfeeding_starving,26,P16_1,5.17,RES,STARVED,16,1.6428726885203377
4555,Cyclicfeeding_starving,26,P16_2,8.66,RES,STARVED,16,2.1587147225743437
4556,Cyclicfeeding_starving,26,P16_3,15.27,RES,STARVED,16,2.725890119230541
4557,Cyclicfeeding_starving,26,P16_4,4.81,RES,STARVED,16,1.5706970841176697
4558,Cyclicfeeding_starving,26,P16_5,20.44,RES,STARVED,16,3.017493765335504
4559,Cyclicfeeding_starving,26,P16_6,5.7,RES,STARVED,16,1.7404661748405046
4602,Cyclicfeeding_starving,26,P9_1,11.16,RES,STARVED,16,2.412335956953165
4603,Cyclicfeeding_starving,26,P9_2,12.1,RES,STARVED,16,2.4932054526026954
4604,Cyclicfeeding_starving,26,P9_3,8.67,RES,STARVED,16,2.1598687907924505
4605,Cyclicfeeding_starving,26,P9_4,14.45,RES,STARVED,16,2.670694414558441
4606,Cyclicfeeding_starving,26,P9_5,13.35,RES,STARVED,16,2.5915163848462583
4607,Cyclicfeeding_starving,26,P9_6,1.58,RES,STARVED,16,0.4574248470388755
4614,Cyclicfeeding_starving,30,P10_1,10.8,RES,STARVED,20,2.379546134130174
4615,Cyclicfeeding_starving,30,P10_2,11.81,RES,STARVED,20,2.468946630209271
4616,Cyclicfeeding_starving,30,P10_3,9.6,RES,STARVED,20,2.2617630984737906
4617,Cyclicfeeding_starving,30,P10_4,12.31,RES,STARVED,20,2.510411940196362
4618,Cyclicfeeding_starving,30,P10_5,5.8,RES,STARVED,20,1.7578579175523736
4619,Cyclicfeeding_starving,30,P10_6,6.61,RES,STARVED,20,1.888583653863595
4620,Cyclicfeeding_starving,30,P11_1,5.56,RES,STARVED,20,1.715598108262491
4621,Cyclicfeeding_starving,30,P11_2,4.51,RES,STARVED,20,1.506297153514587
4622,Cyclicfeeding_starving,30,P11_3,11.54,RES,STARVED,20,2.4458192610799534
4623,Cyclicfeeding_starving,30,P11_4,7.94,RES,STARVED,20,2.0719132752590443
4624,Cyclicfeeding_starving,30,P11_5,11.44,RES,STARVED,20,2.437115985951652
4625,Cyclicfeeding_starving,30,P11_6,9.02,RES,STARVED,20,2.199444334074532
4626,Cyclicfeeding_starving,30,P12_1,6.73,RES,STARVED,20,1.9065751436566365
4627,Cyclicfeeding_starving,30,P12_2,6.58,RES,STARVED,20,1.884034745337226
4628,Cyclicfeeding_starving,30,P12_3,11.21,RES,STARVED,20,2.4168062370840686
4629,Cyclicfeeding_starving,30,P12_4,13.36,RES,STARVED,20,2.5922651681085
4630,Cyclicfeeding_starving,30,P12_5,8.67,RES,STARVED,20,2.1598687907924505
4631,Cyclicfeeding_starving,30,P12_6,6.08,RES,STARVED,20,1.8050046959780757
4632,Cyclicfeeding_starving,30,P13_1,6.28,RES,STARVED,20,1.8373699804801074
4633,Cyclicfeeding_starving,30,P13_2,4.45,RES,STARVED,20,1.4929040961781488
4634,Cyclicfeeding_starving,30,P13_3,3.13,RES,STARVED,20,1.1410330045520618
4635,Cyclicfeeding_starving,30,P13_4,1.29,RES,STARVED,20,0.25464221837358075
4636,Cyclicfeeding_starving,30,P13_5,8.0,RES,STARVED,20,2.0794415416798357
4637,Cyclicfeeding_starving,30,P13_6,6.56,RES,STARVED,20,1.8809906029559975
4638,Cyclicfeeding_starving,30,P14_1,11.11,RES,STARVED,20,2.4078456036515385
4639,Cyclicfeeding_starving,30,P14_2,8.71,RES,STARVED,20,2.1644717908644115
4640,Cyclicfeeding_starving,30,P14_3,9.0,RES,STARVED,20,2.1972245773362196
4641,Cyclicfeeding_starving,30,P14_4,10.49,RES,STARVED,20,2.3504224224082058
4642,Cyclicfeeding_starving,30,P14_5,10.17,RES,STARVED,20,2.3194422100604686
4643,Cyclicfeeding_starving,30,P14_6,10.52,RES,STARVED,20,2.3532782073095637
4644,Cyclicfeeding_starving,30,P15_1,4.43,RES,STARVED,20,1.4883995840570443
4645,Cyclicfeeding_starving,30,P15_2,7.45,RES,STARVED,20,2.0082140323914683
4646,Cyclicfeeding_starving,30,P15_3,3.77,RES,STARVED,20,1.3270750014599193
4647,Cyclicfeeding_starving,30,P15_4,1.39,RES,STARVED,20,0.3293037471426003
4648,Cyclicfeeding_starving,30,P15_5,1.8,RES,STARVED,20,0.5877866649021191
4649,Cyclicfeeding_starving,30,P15_6,4.99,RES,STARVED,20,1.6074359097634274
4650,Cyclicfeeding_starving,30,P16_1,5.72,RES,STARVED,20,1.7439688053917064
4651,Cyclicfeeding_starving,30,P16_2,6.63,RES,STARVED,20,1.891604804197771
4652,Cyclicfeeding_starving,30,P16_3,11.37,RES,STARVED,20,2.4309783077624445
4653,Cyclicfeeding_starving,30,P16_4,5.29,RES,STARVED,20,1.665818245870208
4654,Cyclicfeeding_starving,30,P16_5,13.23,RES,STARVED,20,2.5824869781268642
4655,Cyclicfeeding_starving,30,P16_6,9.37,RES,STARVED,20,2.2375130962503307
4698,Cyclicfeeding_starving,30,P9_1,9.75,RES,STARVED,20,2.277267285009756
4699,Cyclicfeeding_starving,30,P9_2,9.38,RES,STARVED,20,2.238579763018133
4700,Cyclicfeeding_starving,30,P9_3,7.87,RES,STARVED,20,2.063058062429312
4701,Cyclicfeeding_starving,30,P9_4,9.81,RES,STARVED,20,2.2834022735772717
4702,Cyclicfeeding_starving,30,P9_5,10.14,RES,STARVED,20,2.316487998163037
4703,Cyclicfeeding_starving,30,P9_6,0.97,RES,STARVED,20,-0.030459207484708574
4710,Cyclicfeeding_starving,34,P10_1,8.11,RES,STARVED,24,2.0930978681273213
4711,Cyclicfeeding_starving,34,P10_2,10.18,RES,STARVED,24,2.3204250111223765
4712,Cyclicfeeding_starving,34,P10_3,9.68,RES,STARVED,24,2.2700619012884857
4713,Cyclicfeeding_starving,34,P10_4,10.52,RES,STARVED,24,2.3532782073095637
4714,Cyclicfeeding_starving,34,P10_5,4.3,RES,STARVED,24,1.4586150226995167
4715,Cyclicfeeding_starving,34,P10_6,7.38,RES,STARVED,24,1.998773638612381
4716,Cyclicfeeding_starving,34,P11_1,5.17,RES,STARVED,24,1.6428726885203377
4717,Cyclicfeeding_starving,34,P11_2,3.15,RES,STARVED,24,1.1474024528375417
4718,Cyclicfeeding_starving,34,P11_3,12.97,RES,STARVED,24,2.5626389983283526
4719,Cyclicfeeding_starving,34,P11_4,3.13,RES,STARVED,24,1.1410330045520618
4720,Cyclicfeeding_starving,34,P11_5,9.57,RES,STARVED,24,2.258633205464863
4721,Cyclicfeeding_starving,34,P11_6,8.05,RES,STARVED,24,2.0856720914304723
4722,Cyclicfeeding_starving,34,P12_1,8.25,RES,STARVED,24,2.1102132003465894
4723,Cyclicfeeding_starving,34,P12_2,3.4,RES,STARVED,24,1.2237754316221157
4724,Cyclicfeeding_starving,34,P12_3,12.67,RES,STARVED,24,2.5392369943330477
4725,Cyclicfeeding_starving,34,P12_4,10.33,RES,STARVED,24,2.3350522831315472
4726,Cyclicfeeding_starving,34,P12_5,5.79,RES,STARVED,24,1.7561322915849038
4727,Cyclicfeeding_starving,34,P12_6,3.67,RES,STARVED,24,1.3001916620664788
4728,Cyclicfeeding_starving,34,P13_1,5.96,RES,STARVED,24,1.7850704810772584
4729,Cyclicfeeding_starving,34,P13_2,3.75,RES,STARVED,24,1.3217558399823195
4730,Cyclicfeeding_starving,34,P13_3,2.34,RES,STARVED,24,0.85015092936961
4731,Cyclicfeeding_starving,34,P13_4,1.06,RES,STARVED,24,0.058268908123975824
4732,Cyclicfeeding_starving,34,P13_5,4.37,RES,STARVED,24,1.4747630091074988
4733,Cyclicfeeding_starving,34,P13_6,7.67,RES,STARVED,24,2.0373166153791646
4734,Cyclicfeeding_starving,34,P14_1,10.02,RES,STARVED,24,2.3045830956567186
4735,Cyclicfeeding_starving,34,P14_2,7.28,RES,STARVED,24,1.9851308622085946
4736,Cyclicfeeding_starving,34,P14_3,6.72,RES,STARVED,24,1.9050881545350582
4737,Cyclicfeeding_starving,34,P14_4,8.11,RES,STARVED,24,2.0930978681273213
4738,Cyclicfeeding_starving,34,P14_5,8.65,RES,STARVED,24,2.157559320943788
4739,Cyclicfeeding_starving,34,P14_6,6.53,RES,STARVED,24,1.8764069432883397
4740,Cyclicfeeding_starving,34,P15_1,3.39,RES,STARVED,24,1.220829921392359
4741,Cyclicfeeding_starving,34,P15_2,5.73,RES,STARVED,24,1.7457155307266483
4742,Cyclicfeeding_starving,34,P15_3,1.61,RES,STARVED,24,0.4762341789963717
4743,Cyclicfeeding_starving,34,P15_4,2.18,RES,STARVED,24,0.7793248768009977
4744,Cyclicfeeding_starving,34,P15_5,1.9,RES,STARVED,24,0.6418538861723947
4745,Cyclicfeeding_starving,34,P15_6,6.85,RES,STARVED,24,1.9242486522741338
4746,Cyclicfeeding_starving,34,P16_1,5.45,RES,STARVED,24,1.6956156086751528
4747,Cyclicfeeding_starving,34,P16_2,3.72,RES,STARVED,24,1.3137236682850553
4748,Cyclicfeeding_starving,34,P16_3,9.34,RES,STARVED,24,2.234306252240751
4749,Cyclicfeeding_starving,34,P16_4,3.51,RES,STARVED,24,1.2556160374777743
4750,Cyclicfeeding_starving,34,P16_5,9.28,RES,STARVED,24,2.2278615467981093
4751,Cyclicfeeding_starving,34,P16_6,8.28,RES,STARVED,24,2.1138429683971682
4794,Cyclicfeeding_starving,34,P9_1,6.6,RES,STARVED,24,1.8870696490323797
4795,Cyclicfeeding_starving,34,P9_2,8.21,RES,STARVED,24,2.105352923464337
4796,Cyclicfeeding_starving,34,P9_3,3.8,RES,STARVED,24,1.33500106673234
4797,Cyclicfeeding_starving,34,P9_4,6.38,RES,STARVED,24,1.8531680973566984
4798,Cyclicfeeding_starving,34,P9_5,7.91,RES,STARVED,24,2.0681277817795625
4799,Cyclicfeeding_starving,34,P9_6,0.85,RES,STARVED,24,-0.16251892949777494
4806,Cyclicfeeding_starving,38,P10_1,14.01,RES,STARVED,28,2.6397713603489157
4807,Cyclicfeeding_starving,38,P10_2,9.62,RES,STARVED,28,2.263844264677615
4808,Cyclicfeeding_starving,38,P10_3,7.12,RES,STARVED,28,1.9629077254238845
4809,Cyclicfeeding_starving,38,P10_4,8.75,RES,STARVED,28,2.169053700369523
4810,Cyclicfeeding_starving,38,P10_5,2.57,RES,STARVED,28,0.9439058989071284
4811,Cyclicfeeding_starving,38,P10_6,5.87,RES,STARVED,28,1.7698546338400052
4812,Cyclicfeeding_starving,38,P11_1,5.45,RES,STARVED,28,1.6956156086751528
4813,Cyclicfeeding_starving,38,P11_2,2.52,RES,STARVED,28,0.9242589015233319
4814,Cyclicfeeding_starving,38,P11_3,14.63,RES,STARVED,28,2.683074215032033
4815,Cyclicfeeding_starving,38,P11_4,1.54,RES,STARVED,28,0.43178241642553783
4816,Cyclicfeeding_starving,38,P11_5,4.9,RES,STARVED,28,1.589235205116581
4817,Cyclicfeeding_starving,38,P11_6,8.87,RES,STARVED,28,2.182674796321488
4818,Cyclicfeeding_starving,38,P12_1,7.45,RES,STARVED,28,2.0082140323914683
4819,Cyclicfeeding_starving,38,P12_2,3.47,RES,STARVED,28,1.244154593958768
4820,Cyclicfeeding_starving,38,P12_3,10.08,RES,STARVED,28,2.3105532626432224
4821,Cyclicfeeding_starving,38,P12_4,9.02,RES,STARVED,28,2.199444334074532
4822,Cyclicfeeding_starving,38,P12_5,5.88,RES,STARVED,28,1.7715567619105355
4823,Cyclicfeeding_starving,38,P12_6,2.91,RES,STARVED,28,1.0681530811834012
4824,Cyclicfeeding_starving,38,P13_1,3.08,RES,STARVED,28,1.1249295969854831
4825,Cyclicfeeding_starving,38,P13_2,3.74,RES,STARVED,28,1.3190856114264407
4826,Cyclicfeeding_starving,38,P13_3,3.12,RES,STARVED,28,1.1378330018213911
4827,Cyclicfeeding_starving,38,P13_4,0.58,RES,STARVED,28,-0.5447271754416722
4828,Cyclicfeeding_starving,38,P13_5,1.71,RES,STARVED,28,0.5364933705145685
4829,Cyclicfeeding_starving,38,P13_6,5.14,RES,STARVED,28,1.6370530794670737
4830,Cyclicfeeding_starving,38,P14_1,5.68,RES,STARVED,28,1.7369512327330598
4831,Cyclicfeeding_starving,38,P14_2,2.38,RES,STARVED,28,0.8671004876833833
4832,Cyclicfeeding_starving,38,P14_3,6.17,RES,STARVED,28,1.8196988379172965
4833,Cyclicfeeding_starving,38,P14_4,8.0,RES,STARVED,28,2.0794415416798357
4834,Cyclicfeeding_starving,38,P14_5,10.45,RES,STARVED,28,2.34660197841082
4835,Cyclicfeeding_starving,38,P14_6,5.87,RES,STARVED,28,1.7698546338400052
4836,Cyclicfeeding_starving,38,P15_1,3.41,RES,STARVED,28,1.2267122912954254
4837,Cyclicfeeding_starving,38,P15_2,6.81,RES,STARVED,28,1.918392120161421
4838,Cyclicfeeding_starving,38,P15_3,1.03,RES,STARVED,28,0.02955880224154443
4839,Cyclicfeeding_starving,38,P15_4,1.36,RES,STARVED,28,0.3074846997479607
4840,Cyclicfeeding_starving,38,P15_5,1.93,RES,STARVED,28,0.6575200029167941
4841,Cyclicfeeding_starving,38,P15_6,2.77,RES,STARVED,28,1.0188473201992472
4842,Cyclicfeeding_starving,38,P16_1,3.76,RES,STARVED,28,1.324418957401803
4844,Cyclicfeeding_starving,38,P16_3,9.71,RES,STARVED,28,2.2731562823032334
4845,Cyclicfeeding_starving,38,P16_4,3.55,RES,STARVED,28,1.2669476034873244
4846,Cyclicfeeding_starving,38,P16_5,9.53,RES,STARVED,28,2.254444717666111
4847,Cyclicfeeding_starving,38,P16_6,9.21,RES,STARVED,28,2.2202898502672155
4890,Cyclicfeeding_starving,38,P9_1,9.27,RES,STARVED,28,2.2267833795777636
4891,Cyclicfeeding_starving,38,P9_2,6.83,RES,STARVED,28,1.9213246735826988
4892,Cyclicfeeding_starving,38,P9_3,3.85,RES,STARVED,28,1.3480731482996928
4893,Cyclicfeeding_starving,38,P9_4,5.69,RES,STARVED,28,1.7387102481382397
4894,Cyclicfeeding_starving,38,P9_5,10.12,RES,STARVED,28,2.3145136638593193
4902,Cyclicfeeding_starving,42,P10_1,14.01,RES,STARVED,32,2.6397713603489157
4903,Cyclicfeeding_starving,42,P10_2,6.41,RES,STARVED,32,1.8578592709325787
4904,Cyclicfeeding_starving,42,P10_3,7.28,RES,STARVED,32,1.9851308622085946
4905,Cyclicfeeding_starving,42,P10_4,6.27,RES,STARVED,32,1.8357763546448294
4906,Cyclicfeeding_starving,42,P10_5,1.5,RES,STARVED,32,0.4054651081081644
4907,Cyclicfeeding_starving,42,P10_6,4.91,RES,STARVED,32,1.5912739418064292
4908,Cyclicfeeding_starving,42,P11_1,2.13,RES,STARVED,32,0.7561219797213337
4909,Cyclicfeeding_starving,42,P11_2,2.15,RES,STARVED,32,0.7654678421395714
4910,Cyclicfeeding_starving,42,P11_3,11.97,RES,STARVED,32,2.482403519569882
4911,Cyclicfeeding_starving,42,P11_4,1.36,RES,STARVED,32,0.3074846997479607
4912,Cyclicfeeding_starving,42,P11_5,3.81,RES,STARVED,32,1.3376291891386096
4913,Cyclicfeeding_starving,42,P11_6,7.53,RES,STARVED,32,2.018895041811802
4914,Cyclicfeeding_starving,42,P12_1,6.6,RES,STARVED,32,1.8870696490323797
4915,Cyclicfeeding_starving,42,P12_2,1.98,RES,STARVED,32,0.6830968447064438
4916,Cyclicfeeding_starving,42,P12_3,8.96,RES,STARVED,32,2.192770226986839
4917,Cyclicfeeding_starving,42,P12_4,6.78,RES,STARVED,32,1.9139771019523042
4918,Cyclicfeeding_starving,42,P12_5,3.51,RES,STARVED,32,1.2556160374777743
4919,Cyclicfeeding_starving,42,P12_6,2.37,RES,STARVED,32,0.8628899551470398
4920,Cyclicfeeding_starving,42,P13_1,1.3,RES,STARVED,32,0.26236426446749106
4921,Cyclicfeeding_starving,42,P13_2,2.78,RES,STARVED,32,1.0224509277025455
4922,Cyclicfeeding_starving,42,P13_3,2.66,RES,STARVED,32,0.9783261227936078
4923,Cyclicfeeding_starving,42,P13_4,0.64,RES,STARVED,32,-0.4462871026284195
4924,Cyclicfeeding_starving,42,P13_5,1.24,RES,STARVED,32,0.2151113796169455
4925,Cyclicfeeding_starving,42,P13_6,6.29,RES,STARVED,32,1.8389610707123492
4926,Cyclicfeeding_starving,42,P14_1,7.16,RES,STARVED,32,1.9685099809725544
4927,Cyclicfeeding_starving,42,P14_2,1.08,RES,STARVED,32,0.0769610411361284
4928,Cyclicfeeding_starving,42,P14_3,4.31,RES,STARVED,32,1.4609379041156563
4929,Cyclicfeeding_starving,42,P14_4,4.65,RES,STARVED,32,1.536867219599265
4930,Cyclicfeeding_starving,42,P14_5,7.62,RES,STARVED,32,2.030776369698555
4931,Cyclicfeeding_starving,42,P14_6,5.5,RES,STARVED,32,1.7047480922384253
4932,Cyclicfeeding_starving,42,P15_1,2.55,RES,STARVED,32,0.9360933591703348
4933,Cyclicfeeding_starving,42,P15_2,4.62,RES,STARVED,32,1.5303947050936475
4934,Cyclicfeeding_starving,42,P15_3,1.77,RES,STARVED,32,0.5709795465857378
4936,Cyclicfeeding_starving,42,P15_5,1.95,RES,STARVED,32,0.6678293725756554
4937,Cyclicfeeding_starving,42,P15_6,2.89,RES,STARVED,32,1.0612565021243408
4938,Cyclicfeeding_starving,42,P16_1,4.25,RES,STARVED,32,1.4469189829363254
4940,Cyclicfeeding_starving,42,P16_3,6.8,RES,STARVED,32,1.916922612182061
4941,Cyclicfeeding_starving,42,P16_4,2.68,RES,STARVED,32,0.9858167945227654
4942,Cyclicfeeding_starving,42,P16_5,7.58,RES,STARVED,32,2.0255131996542803
4943,Cyclicfeeding_starving,42,P16_6,7.43,RES,STARVED,32,2.005525858729668
4986,Cyclicfeeding_starving,42,P9_1,6.41,RES,STARVED,32,1.8578592709325787
4987,Cyclicfeeding_starving,42,P9_2,2.59,RES,STARVED,32,0.9516578757114463
4989,Cyclicfeeding_starving,42,P9_4,3.7,RES,STARVED,32,1.308332819650179
4990,Cyclicfeeding_starving,42,P9_5,2.22,RES,STARVED,32,0.7975071958841882
4998,Cyclicfeeding_starving,46,P10_1,7.8,RES,STARVED,36,2.0541237336955462
4999,Cyclicfeeding_starving,46,P10_2,6.76,RES,STARVED,36,1.9110228900548727
5000,Cyclicfeeding_starving,46,P10_3,7.68,RES,STARVED,36,2.038619547159581
5001,Cyclicfeeding_starving,46,P10_4,6.46,RES,STARVED,36,1.8656293177945105
5002,Cyclicfeeding_starving,46,P10_5,1.37,RES,STARVED,36,0.3148107398400336
5003,Cyclicfeeding_starving,46,P10_6,4.64,RES,STARVED,36,1.534714366238164
5004,Cyclicfeeding_starving,46,P11_1,5.11,RES,STARVED,36,1.631199404215613
5005,Cyclicfeeding_starving,46,P11_2,2.01,RES,STARVED,36,0.6981347220709843
5006,Cyclicfeeding_starving,46,P11_3,13.18,RES,STARVED,36,2.578700529074361
5008,Cyclicfeeding_starving,46,P11_5,2.62,RES,STARVED,36,0.9631743177730056
5009,Cyclicfeeding_starving,46,P11_6,7.55,RES,STARVED,36,2.0215475632609334
5010,Cyclicfeeding_starving,46,P12_1,5.57,RES,STARVED,36,1.7173950539391927
5011,Cyclicfeeding_starving,46,P12_2,2.07,RES,STARVED,36,0.7275486072772777
5012,Cyclicfeeding_starving,46,P12_3,8.06,RES,STARVED,36,2.086913556518537
5013,Cyclicfeeding_starving,46,P12_4,5.2,RES,STARVED,36,1.6486586255873816
5014,Cyclicfeeding_starving,46,P12_5,1.52,RES,STARVED,36,0.41871033485818504
5015,Cyclicfeeding_starving,46,P12_6,2.6,RES,STARVED,36,0.9555114450274363
5017,Cyclicfeeding_starving,46,P13_2,1.75,RES,STARVED,36,0.5596157879354227
5018,Cyclicfeeding_starving,46,P13_3,2.29,RES,STARVED,36,0.8285518175661483
5019,Cyclicfeeding_starving,46,P13_4,0.38,RES,STARVED,36,-0.9675840262617056
5021,Cyclicfeeding_starving,46,P13_6,2.33,RES,STARVED,36,0.8458682675776092
5022,Cyclicfeeding_starving,46,P14_1,4.28,RES,STARVED,36,1.4539530095937054
5024,Cyclicfeeding_starving,46,P14_3,3.03,RES,STARVED,36,1.1085626195212777
5025,Cyclicfeeding_starving,46,P14_4,2.52,RES,STARVED,36,0.9242589015233319
5026,Cyclicfeeding_starving,46,P14_5,9.74,RES,STARVED,36,2.2762411176544437
5027,Cyclicfeeding_starving,46,P14_6,2.6,RES,STARVED,36,0.9555114450274363
5028,Cyclicfeeding_starving,46,P15_1,2.0,RES,STARVED,36,0.6931471805599453
5029,Cyclicfeeding_starving,46,P15_2,5.24,RES,STARVED,36,1.6563214983329508
5030,Cyclicfeeding_starving,46,P15_3,2.9,RES,STARVED,36,1.0647107369924282
5032,Cyclicfeeding_starving,46,P15_5,2.9,RES,STARVED,36,1.0647107369924282
5033,Cyclicfeeding_starving,46,P15_6,1.02,RES,STARVED,36,0.01980262729617973
5034,Cyclicfeeding_starving,46,P16_1,6.02,RES,STARVED,36,1.7950872593207297
5036,Cyclicfeeding_starving,46,P16_3,12.01,RES,STARVED,36,2.485739636091892
5037,Cyclicfeeding_starving,46,P16_4,2.2,RES,STARVED,36,0.7884573603642703
5038,Cyclicfeeding_starving,46,P16_5,6.61,RES,STARVED,36,1.888583653863595
5039,Cyclicfeeding_starving,46,P16_6,5.1,RES,STARVED,36,1.62924053973028
5082,Cyclicfeeding_starving,46,P9_1,6.54,RES,STARVED,36,1.8779371654691073
5083,Cyclicfeeding_starving,46,P9_2,3.55,RES,STARVED,36,1.2669476034873244
5085,Cyclicfeeding_starving,46,P9_4,2.86,RES,STARVED,36,1.0508216248317612
5086,Cyclicfeeding_starving,46,P9_5,2.71,RES,STARVED,36,0.9969486348916096
5094,Cyclicfeeding_starving,58,P10_1,6.31,RES,STARVED,48,1.8421356765531218
5095,Cyclicfeeding_starving,58,P10_2,3.02,RES,STARVED,48,1.1052568313867783
5096,Cyclicfeeding_starving,58,P10_3,6.03,RES,STARVED,48,1.7967470107390942
5097,Cyclicfeeding_starving,58,P10_4,3.28,RES,STARVED,48,1.1878434223960523
5099,Cyclicfeeding_starving,58,P10_6,2.16,RES,STARVED,48,0.7701082216960737
5100,Cyclicfeeding_starving,58,P11_1,2.91,RES,STARVED,48,1.0681530811834012
5101,Cyclicfeeding_starving,58,P11_2,1.43,RES,STARVED,48,0.3576744442718159
5102,Cyclicfeeding_starving,58,P11_3,9.04,RES,STARVED,48,2.201659174404085
5103,Cyclicfeeding_starving,58,P11_4,0.48,RES,STARVED,48,-0.7339691750802004
5104,Cyclicfeeding_starving,58,P11_5,0.45,RES,STARVED,48,-0.7985076962177716
5105,Cyclicfeeding_starving,58,P11_6,2.99,RES,STARVED,48,1.095273387402595
5106,Cyclicfeeding_starving,58,P12_1,3.03,RES,STARVED,48,1.1085626195212777
5107,Cyclicfeeding_starving,58,P12_2,2.46,RES,STARVED,48,0.9001613499442714
5108,Cyclicfeeding_starving,58,P12_3,5.67,RES,STARVED,48,1.7351891177396608
5109,Cyclicfeeding_starving,58,P12_4,3.82,RES,STARVED,48,1.3402504226184837
5111,Cyclicfeeding_starving,58,P12_6,0.83,RES,STARVED,48,-0.18632957819149348
5114,Cyclicfeeding_starving,58,P13_3,0.97,RES,STARVED,48,-0.030459207484708574
5117,Cyclicfeeding_starving,58,P13_6,3.15,RES,STARVED,48,1.1474024528375417
5118,Cyclicfeeding_starving,58,P14_1,4.69,RES,STARVED,48,1.545432582458188
5121,Cyclicfeeding_starving,58,P14_4,1.4,RES,STARVED,48,0.3364722366212129
5122,Cyclicfeeding_starving,58,P14_5,6.63,RES,STARVED,48,1.891604804197771
5123,Cyclicfeeding_starving,58,P14_6,2.17,RES,STARVED,48,0.7747271675523681
5125,Cyclicfeeding_starving,58,P15_2,2.24,RES,STARVED,48,0.8064758658669485
5126,Cyclicfeeding_starving,58,P15_3,1.56,RES,STARVED,48,0.44468582126144574
5128,Cyclicfeeding_starving,58,P15_5,1.12,RES,STARVED,48,0.11332868530700327
5130,Cyclicfeeding_starving,58,P16_1,2.47,RES,STARVED,48,0.9042181506398859
5132,Cyclicfeeding_starving,58,P16_3,6.18,RES,STARVED,48,1.8213182714695995
5133,Cyclicfeeding_starving,58,P16_4,1.14,RES,STARVED,48,0.131028262406404
5134,Cyclicfeeding_starving,58,P16_5,2.64,RES,STARVED,48,0.9707789171582248
5135,Cyclicfeeding_starving,58,P16_6,2.5,RES,STARVED,48,0.9162907318741551
5178,Cyclicfeeding_starving,58,P9_1,5.04,RES,STARVED,48,1.6174060820832772
5179,Cyclicfeeding_starving,58,P9_2,4.08,RES,STARVED,48,1.4060969884160703
5181,Cyclicfeeding_starving,58,P9_4,3.25,RES,STARVED,48,1.1786549963416462
5190,Cyclicfeeding_starving,70,P10_1,1.01,RES,STARVED,60,0.009950330853168092
5191,Cyclicfeeding_starving,70,P10_2,1.19,RES,STARVED,60,0.17395330712343798
5192,Cyclicfeeding_starving,70,P10_3,2.96,RES,STARVED,60,1.085189268335969
5193,Cyclicfeeding_starving,70,P10_4,4.74,RES,STARVED,60,1.556037135706985
5195,Cyclicfeeding_starving,70,P10_6,3.17,RES,STARVED,60,1.1537315878891892
5196,Cyclicfeeding_starving,70,P11_1,1.95,RES,STARVED,60,0.6678293725756554
5197,Cyclicfeeding_starving,70,P11_2,0.44,RES,STARVED,60,-0.8209805520698302
5198,Cyclicfeeding_starving,70,P11_3,7.01,RES,STARVED,60,1.9473377010464987
5200,Cyclicfeeding_starving,70,P11_5,1.04,RES,STARVED,60,0.03922071315328133
5201,Cyclicfeeding_starving,70,P11_6,2.03,RES,STARVED,60,0.7080357930536959
5202,Cyclicfeeding_starving,70,P12_1,0.45,RES,STARVED,60,-0.7985076962177716
5204,Cyclicfeeding_starving,70,P12_3,1.9,RES,STARVED,60,0.6418538861723947
5205,Cyclicfeeding_starving,70,P12_4,5.75,RES,STARVED,60,1.749199854809259
5206,Cyclicfeeding_starving,70,P12_5,1.25,RES,STARVED,60,0.22314355131420976
5207,Cyclicfeeding_starving,70,P12_6,2.83,RES,STARVED,60,1.0402767116551463
5210,Cyclicfeeding_starving,70,P13_3,1.22,RES,STARVED,60,0.19885085874516517
5213,Cyclicfeeding_starving,70,P13_6,1.87,RES,STARVED,60,0.6259384308664954
5214,Cyclicfeeding_starving,70,P14_1,2.46,RES,STARVED,60,0.9001613499442714
5217,Cyclicfeeding_starving,70,P14_4,0.91,RES,STARVED,60,-0.09431067947124129
5218,Cyclicfeeding_starving,70,P14_5,5.42,RES,STARVED,60,1.6900958154515549
5221,Cyclicfeeding_starving,70,P15_2,0.61,RES,STARVED,60,-0.4942963218147801
5226,Cyclicfeeding_starving,70,P16_1,1.33,RES,STARVED,60,0.28517894223366247
5228,Cyclicfeeding_starving,70,P16_3,4.4,RES,STARVED,60,1.4816045409242156
5229,Cyclicfeeding_starving,70,P16_4,0.94,RES,STARVED,60,-0.06187540371808753
5230,Cyclicfeeding_starving,70,P16_5,1.13,RES,STARVED,60,0.12221763272424911
5231,Cyclicfeeding_starving,70,P16_6,1.71,RES,STARVED,60,0.5364933705145685
5274,Cyclicfeeding_starving,70,P9_1,2.72,RES,STARVED,60,1.000631880307906
5275,Cyclicfeeding_starving,70,P9_2,3.46,RES,STARVED,60,1.2412685890696329
5277,Cyclicfeeding_starving,70,P9_4,4.31,RES,STARVED,60,1.4609379041156563
5286,Cyclicfeeding_starving,94,P10_1,2.09,RES,STARVED,84,0.7371640659767196
5287,Cyclicfeeding_starving,94,P10_2,0.37,RES,STARVED,84,-0.9942522733438669
5288,Cyclicfeeding_starving,94,P10_3,3.12,RES,STARVED,84,1.1378330018213911
5289,Cyclicfeeding_starving,94,P10_4,1.43,RES,STARVED,84,0.3576744442718159
5291,Cyclicfeeding_starving,94,P10_6,0.59,RES,STARVED,84,-0.527632742082372
5292,Cyclicfeeding_starving,94,P11_1,1.34,RES,STARVED,84,0.29266961396282004
5293,Cyclicfeeding_starving,94,P11_2,0.42,RES,STARVED,84,-0.8675005677047231
5294,Cyclicfeeding_starving,94,P11_3,4.77,RES,STARVED,84,1.5623463049002497
5298,Cyclicfeeding_starving,94,P12_1,0.92,RES,STARVED,84,-0.08338160893905101
5300,Cyclicfeeding_starving,94,P12_3,3.02,RES,STARVED,84,1.1052568313867783
5301,Cyclicfeeding_starving,94,P12_4,0.99,RES,STARVED,84,-0.01005033585350145
5303,Cyclicfeeding_starving,94,P12_6,0.11,RES,STARVED,84,-2.2072749131897207
5309,Cyclicfeeding_starving,94,P13_6,0.93,RES,STARVED,84,-0.07257069283483537
5310,Cyclicfeeding_starving,94,P14_1,1.34,RES,STARVED,84,0.29266961396282004
5313,Cyclicfeeding_starving,94,P14_4,0.56,RES,STARVED,84,-0.579818495252942
5314,Cyclicfeeding_starving,94,P14_5,2.82,RES,STARVED,84,1.0367368849500223
5317,Cyclicfeeding_starving,94,P15_2,0.59,RES,STARVED,84,-0.527632742082372
5322,Cyclicfeeding_starving,94,P16_1,0.3,RES,STARVED,84,-1.2039728043259361
5324,Cyclicfeeding_starving,94,P16_3,1.35,RES,STARVED,84,0.30010459245033816
5325,Cyclicfeeding_starving,94,P16_4,0.55,RES,STARVED,84,-0.5978370007556204
5326,Cyclicfeeding_starving,94,P16_5,1.03,RES,STARVED,84,0.02955880224154443
5327,Cyclicfeeding_starving,94,P16_6,1.14,RES,STARVED,84,0.131028262406404
5370,Cyclicfeeding_starving,94,P9_1,1.4,RES,STARVED,84,0.3364722366212129
5371,Cyclicfeeding_starving,94,P9_2,1.52,RES,STARVED,84,0.41871033485818504
5373,Cyclicfeeding_starving,94,P9_4,1.63,RES,STARVED,84,0.4885800148186709
5382,Cyclicfeeding_starving,99,P10_1,1.55,RES,FED_2,2,0.4382549309311553
5383,Cyclicfeeding_starving,99,P10_2,0.43,RES,FED_2,2,-0.843970070294529
5384,Cyclicfeeding_starving,99,P10_3,1.48,RES,FED_2,2,0.3920420877760237
5385,Cyclicfeeding_starving,99,P10_4,2.21,RES,FED_2,2,0.7929925155296614
5387,Cyclicfeeding_starving,99,P10_6,0.45,RES,FED_2,2,-0.7985076962177716
5388,Cyclicfeeding_starving,99,P11_1,1.63,RES,FED_2,2,0.4885800148186709
5389,Cyclicfeeding_starving,99,P11_2,0.27,RES,FED_2,2,-1.3093333199837622
5390,Cyclicfeeding_starving,99,P11_3,4.79,RES,FED_2,2,1.5665304114228238
5394,Cyclicfeeding_starving,99,P12_1,1.54,RES,FED_2,2,0.43178241642553783
5396,Cyclicfeeding_starving,99,P12_3,3.03,RES,FED_2,2,1.1085626195212777
5397,Cyclicfeeding_starving,99,P12_4,1.01,RES,FED_2,2,0.009950330853168092
5405,Cyclicfeeding_starving,99,P13_6,0.92,RES,FED_2,2,-0.08338160893905101
5406,Cyclicfeeding_starving,99,P14_1,2.38,RES,FED_2,2,0.8671004876833833
5409,Cyclicfeeding_starving,99,P14_4,0.71,RES,FED_2,2,-0.342490308946776
5410,Cyclicfeeding_starving,99,P14_5,2.5,RES,FED_2,2,0.9162907318741551
5413,Cyclicfeeding_starving,99,P15_2,0.39,RES,FED_2,2,-0.941608539858445
5418,Cyclicfeeding_starving,99,P16_1,0.47,RES,FED_2,2,-0.7550225842780328
5420,Cyclicfeeding_starving,99,P16_3,1.85,RES,FED_2,2,0.6151856390902335
5421,Cyclicfeeding_starving,99,P16_4,0.47,RES,FED_2,2,-0.7550225842780328
5422,Cyclicfeeding_starving,99,P16_5,0.98,RES,FED_2,2,-0.020202707317519466
5423,Cyclicfeeding_starving,99,P16_6,0.98,RES,FED_2,2,-0.020202707317519466
5466,Cyclicfeeding_starving,99,P9_1,2.3,RES,FED_2,2,0.8329091229351039
5467,Cyclicfeeding_starving,99,P9_2,1.45,RES,FED_2,2,0.371563556432483
5469,Cyclicfeeding_starving,99,P9_4,1.34,RES,FED_2,2,0.29266961396282004
5478,Cyclicfeeding_starving,101,P10_1,3.54,RES,FED_2,4,1.264126727145683
5479,Cyclicfeeding_starving,101,P10_2,0.54,RES,FED_2,4,-0.616186139423817
5480,Cyclicfeeding_starving,101,P10_3,1.44,RES,FED_2,4,0.36464311358790924
5481,Cyclicfeeding_starving,101,P10_4,3.4,RES,FED_2,4,1.2237754316221157
5483,Cyclicfeeding_starving,101,P10_6,0.69,RES,FED_2,4,-0.37106368139083207
5484,Cyclicfeeding_starving,101,P11_1,4.28,RES,FED_2,4,1.4539530095937054
5485,Cyclicfeeding_starving,101,P11_2,0.32,RES,FED_2,4,-1.1394342831883648
5486,Cyclicfeeding_starving,101,P11_3,6.64,RES,FED_2,4,1.8931119634883424
5490,Cyclicfeeding_starving,101,P12_1,1.98,RES,FED_2,4,0.6830968447064438
5492,Cyclicfeeding_starving,101,P12_3,3.65,RES,FED_2,4,1.2947271675944
5493,Cyclicfeeding_starving,101,P12_4,1.36,RES,FED_2,4,0.3074846997479607
5501,Cyclicfeeding_starving,101,P13_6,1.75,RES,FED_2,4,0.5596157879354227
5502,Cyclicfeeding_starving,101,P14_1,3.86,RES,FED_2,4,1.3506671834767394
5503,Cyclicfeeding_starving,101,P14_2,3.15,RES,FED_2,4,1.1474024528375417
5505,Cyclicfeeding_starving,101,P14_4,1.22,RES,FED_2,4,0.19885085874516517
5506,Cyclicfeeding_starving,101,P14_5,0.25,RES,FED_2,4,-1.3862943611198906
5514,Cyclicfeeding_starving,101,P16_1,0.31,RES,FED_2,4,-1.171182981502945
5516,Cyclicfeeding_starving,101,P16_3,2.6,RES,FED_2,4,0.9555114450274363
5517,Cyclicfeeding_starving,101,P16_4,0.46,RES,FED_2,4,-0.7765287894989963
5518,Cyclicfeeding_starving,101,P16_5,2.18,RES,FED_2,4,0.7793248768009977
5519,Cyclicfeeding_starving,101,P16_6,1.82,RES,FED_2,4,0.598836501088704
5562,Cyclicfeeding_starving,101,P9_1,3.62,RES,FED_2,4,1.2864740258376797
5563,Cyclicfeeding_starving,101,P9_2,2.33,RES,FED_2,4,0.8458682675776092
5565,Cyclicfeeding_starving,101,P9_4,2.05,RES,FED_2,4,0.7178397931503168
5574,Cyclicfeeding_starving,103,P10_1,4.38,RES,FED_2,6,1.4770487243883548
5575,Cyclicfeeding_starving,103,P10_2,0.93,RES,FED_2,6,-0.07257069283483537
5576,Cyclicfeeding_starving,103,P10_3,1.41,RES,FED_2,6,0.34358970439007686
5577,Cyclicfeeding_starving,103,P10_4,5.96,RES,FED_2,6,1.7850704810772584
5579,Cyclicfeeding_starving,103,P10_6,0.8,RES,FED_2,6,-0.2231435513142097
5580,Cyclicfeeding_starving,103,P11_1,5.96,RES,FED_2,6,1.7850704810772584
5581,Cyclicfeeding_starving,103,P11_2,0.14,RES,FED_2,6,-1.9661128563728327
5582,Cyclicfeeding_starving,103,P11_3,9.26,RES,FED_2,6,2.225704048658088
5586,Cyclicfeeding_starving,103,P12_1,2.45,RES,FED_2,6,0.8960880245566357
5588,Cyclicfeeding_starving,103,P12_3,6.38,RES,FED_2,6,1.8531680973566984
5589,Cyclicfeeding_starving,103,P12_4,2.53,RES,FED_2,6,0.9282193027394288
5597,Cyclicfeeding_starving,103,P13_6,3.13,RES,FED_2,6,1.1410330045520618
5598,Cyclicfeeding_starving,103,P14_1,4.37,RES,FED_2,6,1.4747630091074988
5599,Cyclicfeeding_starving,103,P14_2,4.36,RES,FED_2,6,1.472472057360943
5601,Cyclicfeeding_starving,103,P14_4,1.53,RES,FED_2,6,0.4252677354043441
5610,Cyclicfeeding_starving,103,P16_1,0.53,RES,FED_2,6,-0.6348782724359695
5612,Cyclicfeeding_starving,103,P16_3,4.69,RES,FED_2,6,1.545432582458188
5613,Cyclicfeeding_starving,103,P16_4,0.61,RES,FED_2,6,-0.4942963218147801
5614,Cyclicfeeding_starving,103,P16_5,3.34,RES,FED_2,6,1.205970806988609
5615,Cyclicfeeding_starving,103,P16_6,2.05,RES,FED_2,6,0.7178397931503168
5658,Cyclicfeeding_starving,103,P9_1,4.96,RES,FED_2,6,1.601405740736836
5659,Cyclicfeeding_starving,103,P9_2,3.3,RES,FED_2,6,1.1939224684724346
5661,Cyclicfeeding_starving,103,P9_4,2.21,RES,FED_2,6,0.7929925155296614
5670,Cyclicfeeding_starving,105,P10_1,6.44,RES,FED_2,8,1.8625285401162623
5671,Cyclicfeeding_starving,105,P10_2,2.04,RES,FED_2,8,0.712949807856125
5672,Cyclicfeeding_starving,105,P10_3,1.26,RES,FED_2,8,0.23111172096338664
5673,Cyclicfeeding_starving,105,P10_4,9.44,RES,FED_2,8,2.244955980157409
5675,Cyclicfeeding_starving,105,P10_6,0.77,RES,FED_2,8,-0.2613647641344075
5676,Cyclicfeeding_starving,105,P11_1,5.13,RES,FED_2,8,1.6351056591826783
5678,Cyclicfeeding_starving,105,P11_3,15.19,RES,FED_2,8,2.7206373166076814
5682,Cyclicfeeding_starving,105,P12_1,9.05,RES,FED_2,8,2.2027647577118348
5684,Cyclicfeeding_starving,105,P12_3,7.76,RES,FED_2,8,2.048982334195127
5685,Cyclicfeeding_starving,105,P12_4,4.79,RES,FED_2,8,1.5665304114228238
5693,Cyclicfeeding_starving,105,P13_6,5.3,RES,FED_2,8,1.667706820558076
5694,Cyclicfeeding_starving,105,P14_1,7.78,RES,FED_2,8,2.0515563381903004
5695,Cyclicfeeding_starving,105,P14_2,8.2,RES,FED_2,8,2.1041341542702074
5697,Cyclicfeeding_starving,105,P14_4,2.59,RES,FED_2,8,0.9516578757114463
5706,Cyclicfeeding_starving,105,P16_1,1.38,RES,FED_2,8,0.3220834991691132
5708,Cyclicfeeding_starving,105,P16_3,5.99,RES,FED_2,8,1.7900914121273581
5709,Cyclicfeeding_starving,105,P16_4,0.82,RES,FED_2,8,-0.19845093872383832
5710,Cyclicfeeding_starving,105,P16_5,4.99,RES,FED_2,8,1.6074359097634274
5711,Cyclicfeeding_starving,105,P16_6,4.81,RES,FED_2,8,1.5706970841176697
5754,Cyclicfeeding_starving,105,P9_1,4.05,RES,FED_2,8,1.3987168811184478
5755,Cyclicfeeding_starving,105,P9_2,6.16,RES,FED_2,8,1.8180767775454285
5757,Cyclicfeeding_starving,105,P9_4,3.28,RES,FED_2,8,1.1878434223960523
5766,Cyclicfeeding_starving,107,P10_1,13.63,RES,FED_2,10,2.612273245708441
5767,Cyclicfeeding_starving,107,P10_2,4.41,RES,FED_2,10,1.4838746894587547
5769,Cyclicfeeding_starving,107,P10_4,9.88,RES,FED_2,10,2.2905125117597764
5771,Cyclicfeeding_starving,107,P10_6,1.58,RES,FED_2,10,0.4574248470388755
5772,Cyclicfeeding_starving,107,P11_1,8.54,RES,FED_2,10,2.1447610078004784
5774,Cyclicfeeding_starving,107,P11_3,11.26,RES,FED_2,10,2.421256622711544
5778,Cyclicfeeding_starving,107,P12_1,9.66,RES,FED_2,10,2.2679936482244267
5789,Cyclicfeeding_starving,107,P13_6,12.01,RES,FED_2,10,2.485739636091892
5790,Cyclicfeeding_starving,107,P14_1,15.47,RES,FED_2,10,2.738902664584975
5791,Cyclicfeeding_starving,107,P14_2,11.06,RES,FED_2,10,2.403334996094189
5793,Cyclicfeeding_starving,107,P14_4,2.78,RES,FED_2,10,1.0224509277025455
5802,Cyclicfeeding_starving,107,P16_1,15.63,RES,FED_2,10,2.749192144433385
5804,Cyclicfeeding_starving,107,P16_3,1.81,RES,FED_2,10,0.5933268452777344
5805,Cyclicfeeding_starving,107,P16_4,6.49,RES,FED_2,10,1.8702625307159986
5806,Cyclicfeeding_starving,107,P16_5,9.68,RES,FED_2,10,2.2700619012884857
5850,Cyclicfeeding_starving,107,P9_1,6.06,RES,FED_2,10,1.801709800081223
5851,Cyclicfeeding_starving,107,P9_2,13.86,RES,FED_2,10,2.6290069937617573
5853,Cyclicfeeding_starving,107,P9_4,6.06,RES,FED_2,10,1.801709800081223
5862,Cyclicfeeding_starving,112,P10_1,16.52,RES,STARVED_2,4,2.804571768092832
5863,Cyclicfeeding_starving,112,P10_2,2.39,RES,STARVED_2,4,0.8712933659434193
5864,Cyclicfeeding_starving,112,P10_3,0.92,RES,STARVED_2,4,-0.08338160893905101
5865,Cyclicfeeding_starving,112,P10_4,8.13,RES,STARVED_2,4,2.0955609235597192
5867,Cyclicfeeding_starving,112,P10_6,1.69,RES,STARVED_2,4,0.5247285289349821
5868,Cyclicfeeding_starving,112,P11_1,5.95,RES,STARVED_2,4,1.7833912195575383
5870,Cyclicfeeding_starving,112,P11_3,18.5,RES,STARVED_2,4,2.917770732084279
5874,Cyclicfeeding_starving,112,P12_1,11.38,RES,STARVED_2,4,2.431857428698185
5876,Cyclicfeeding_starving,112,P12_3,16.3,RES,STARVED_2,4,2.791165107812717
5877,Cyclicfeeding_starving,112,P12_4,12.07,RES,STARVED_2,4,2.4907230351094403
5885,Cyclicfeeding_starving,112,P13_6,12.67,RES,STARVED_2,4,2.5392369943330477
5886,Cyclicfeeding_starving,112,P14_1,15.11,RES,STARVED_2,4,2.715356776284648
5887,Cyclicfeeding_starving,112,P14_2,13.01,RES,STARVED_2,4,2.565718292524414
5889,Cyclicfeeding_starving,112,P14_4,6.64,RES,STARVED_2,4,1.8931119634883424
5898,Cyclicfeeding_starving,112,P16_1,1.65,RES,STARVED_2,4,0.5007752879124892
5900,Cyclicfeeding_starving,112,P16_3,15.98,RES,STARVED_2,4,2.7713379403381286
5902,Cyclicfeeding_starving,112,P16_5,7.64,RES,STARVED_2,4,2.033397603178429
5946,Cyclicfeeding_starving,112,P9_1,7.95,RES,STARVED_2,4,2.0731719286662407
5947,Cyclicfeeding_starving,112,P9_2,12.52,RES,STARVED_2,4,2.5273273656719524
5949,Cyclicfeeding_starving,112,P9_4,8.1,RES,STARVED_2,4,2.0918640616783932
5958,Cyclicfeeding_starving,115,P10_1,19.34,RES,STARVED_2,7,2.9621754900251482
5959,Cyclicfeeding_starving,115,P10_2,4.12,RES,STARVED_2,7,1.415853163361435
5960,Cyclicfeeding_starving,115,P10_3,0.8,RES,STARVED_2,7,-0.2231435513142097
5961,Cyclicfeeding_starving,115,P10_4,8.64,RES,STARVED_2,7,2.1564025828159643
5963,Cyclicfeeding_starving,115,P10_6,0.84,RES,STARVED_2,7,-0.1743533871447778
5964,Cyclicfeeding_starving,115,P11_1,11.5,RES,STARVED_2,7,2.4423470353692043
5966,Cyclicfeeding_starving,115,P11_3,18.37,RES,STARVED_2,7,2.9107188992270343
5970,Cyclicfeeding_starving,115,P12_1,18.28,RES,STARVED_2,7,2.905807566026004
5972,Cyclicfeeding_starving,115,P12_3,13.57,RES,STARVED_2,7,2.6078614738467776
5973,Cyclicfeeding_starving,115,P12_4,14.94,RES,STARVED_2,7,2.7040421797046714
5981,Cyclicfeeding_starving,115,P13_6,14.85,RES,STARVED_2,7,2.6979998652487085
5982,Cyclicfeeding_starving,115,P14_1,19.04,RES,STARVED_2,7,2.9465420293632194
5983,Cyclicfeeding_starving,115,P14_2,19.8,RES,STARVED_2,7,2.9856819377004897
5985,Cyclicfeeding_starving,115,P14_4,7.24,RES,STARVED_2,7,1.979621206397625
5994,Cyclicfeeding_starving,115,P16_1,1.73,RES,STARVED_2,7,0.5481214085096876
5996,Cyclicfeeding_starving,115,P16_3,20.62,RES,STARVED_2,7,3.026261478588814
5998,Cyclicfeeding_starving,115,P16_5,11.37,RES,STARVED_2,7,2.4309783077624445
6042,Cyclicfeeding_starving,115,P9_1,10.9,RES,STARVED_2,7,2.388762789235098
6043,Cyclicfeeding_starving,115,P9_2,6.69,RES,STARVED_2,7,1.900613874140137
6045,Cyclicfeeding_starving,115,P9_4,9.62,RES,STARVED_2,7,2.263844264677615
6054,Cyclicfeeding_starving,119,P10_1,8.04,RES,STARVED_2,11,2.0844290831908747
6055,Cyclicfeeding_starving,119,P10_2,4.07,RES,STARVED_2,11,1.4036429994545037
6056,Cyclicfeeding_starving,119,P10_3,1.94,RES,STARVED_2,11,0.6626879730752367
6057,Cyclicfeeding_starving,119,P10_4,9.95,RES,STARVED_2,11,2.2975725511705014
6059,Cyclicfeeding_starving,119,P10_6,1.53,RES,STARVED_2,11,0.4252677354043441
6060,Cyclicfeeding_starving,119,P11_1,7.12,RES,STARVED_2,11,1.9629077254238845
6062,Cyclicfeeding_starving,119,P11_3,11.42,RES,STARVED_2,11,2.435366204227864
6066,Cyclicfeeding_starving,119,P12_1,10.39,RES,STARVED_2,11,2.340843805111136
6068,Cyclicfeeding_starving,119,P12_3,12.19,RES,STARVED_2,11,2.5006159434931803
6069,Cyclicfeeding_starving,119,P12_4,9.48,RES,STARVED_2,11,2.2491843162669305
6077,Cyclicfeeding_starving,119,P13_6,8.92,RES,STARVED_2,11,2.188295946591918
6078,Cyclicfeeding_starving,119,P14_1,10.75,RES,STARVED_2,11,2.3749057545736716
6079,Cyclicfeeding_starving,119,P14_2,12.21,RES,STARVED_2,11,2.502255288122613
6081,Cyclicfeeding_starving,119,P14_4,5.24,RES,STARVED_2,11,1.6563214983329508
6090,Cyclicfeeding_starving,119,P16_1,0.7,RES,STARVED_2,11,-0.35667494393873245
6092,Cyclicfeeding_starving,119,P16_3,10.43,RES,STARVED_2,11,2.344686269012681
6094,Cyclicfeeding_starving,119,P16_5,9.34,RES,STARVED_2,11,2.234306252240751
6138,Cyclicfeeding_starving,119,P9_1,6.1,RES,STARVED_2,11,1.8082887711792655
6139,Cyclicfeeding_starving,119,P9_2,6.75,RES,STARVED_2,11,1.9095425048844386
6141,Cyclicfeeding_starving,119,P9_4,5.96,RES,STARVED_2,11,1.7850704810772584
6150,Cyclicfeeding_starving,123,P10_1,7.83,RES,STARVED_2,15,2.057962510002712
6151,Cyclicfeeding_starving,123,P10_2,2.57,RES,STARVED_2,15,0.9439058989071284
6152,Cyclicfeeding_starving,123,P10_3,2.02,RES,STARVED_2,15,0.7030975114131134
6153,Cyclicfeeding_starving,123,P10_4,7.85,RES,STARVED_2,15,2.060513531794317
6155,Cyclicfeeding_starving,123,P10_6,0.92,RES,STARVED_2,15,-0.08338160893905101
6156,Cyclicfeeding_starving,123,P11_1,13.65,RES,STARVED_2,15,2.613739521630969
6158,Cyclicfeeding_starving,123,P11_3,6.96,RES,STARVED_2,15,1.9401794743463283
6162,Cyclicfeeding_starving,123,P12_1,10.6,RES,STARVED_2,15,2.3608540011180215
6164,Cyclicfeeding_starving,123,P12_3,10.49,RES,STARVED_2,15,2.3504224224082058
6165,Cyclicfeeding_starving,123,P12_4,6.94,RES,STARVED_2,15,1.937301774518713
6173,Cyclicfeeding_starving,123,P13_6,7.19,RES,STARVED_2,15,1.9726911717329554
6174,Cyclicfeeding_starving,123,P14_1,9.53,RES,STARVED_2,15,2.254444717666111
6175,Cyclicfeeding_starving,123,P14_2,13.38,RES,STARVED_2,15,2.5937610547000824
6177,Cyclicfeeding_starving,123,P14_4,4.11,RES,STARVED_2,15,1.4134230285081433
6186,Cyclicfeeding_starving,123,P16_1,1.11,RES,STARVED_2,15,0.10436001532424286
6188,Cyclicfeeding_starving,123,P16_3,10.87,RES,STARVED_2,15,2.386006701133118
6190,Cyclicfeeding_starving,123,P16_5,5.22,RES,STARVED_2,15,1.6524974018945473
6234,Cyclicfeeding_starving,123,P9_1,6.98,RES,STARVED_2,15,1.9430489167742813
6235,Cyclicfeeding_starving,123,P9_2,8.19,RES,STARVED_2,15,2.102913897864978
6237,Cyclicfeeding_starving,123,P9_4,6.67,RES,STARVED_2,15,1.8976198599275322
6246,Cyclicfeeding_starving,127,P10_1,11.47,RES,STARVED_2,19,2.4397349311412793
6247,Cyclicfeeding_starving,127,P10_2,2.99,RES,STARVED_2,19,1.095273387402595
6248,Cyclicfeeding_starving,127,P10_3,1.48,RES,STARVED_2,19,0.3920420877760237
6249,Cyclicfeeding_starving,127,P10_4,8.62,RES,STARVED_2,19,2.1540850846756014
6251,Cyclicfeeding_starving,127,P10_6,0.84,RES,STARVED_2,19,-0.1743533871447778
6252,Cyclicfeeding_starving,127,P11_1,8.96,RES,STARVED_2,19,2.192770226986839
6254,Cyclicfeeding_starving,127,P11_3,3.08,RES,STARVED_2,19,1.1249295969854831
6258,Cyclicfeeding_starving,127,P12_1,13.58,RES,STARVED_2,19,2.60859812213055
6260,Cyclicfeeding_starving,127,P12_3,17.18,RES,STARVED_2,19,2.8437459165561094
6261,Cyclicfeeding_starving,127,P12_4,10.07,RES,STARVED_2,19,2.309560706730471
6269,Cyclicfeeding_starving,127,P13_6,8.78,RES,STARVED_2,19,2.172476407647025
6270,Cyclicfeeding_starving,127,P14_1,13.17,RES,STARVED_2,19,2.5779415157551897
6271,Cyclicfeeding_starving,127,P14_2,10.86,RES,STARVED_2,19,2.3850863145057892
6273,Cyclicfeeding_starving,127,P14_4,3.52,RES,STARVED_2,19,1.2584609896100056
6282,Cyclicfeeding_starving,127,P16_1,1.55,RES,STARVED_2,19,0.4382549309311553
6284,Cyclicfeeding_starving,127,P16_3,13.57,RES,STARVED_2,19,2.6078614738467776
6286,Cyclicfeeding_starving,127,P16_5,5.2,RES,STARVED_2,19,1.6486586255873816
6330,Cyclicfeeding_starving,127,P9_1,5.93,RES,STARVED_2,19,1.780024213009634
6331,Cyclicfeeding_starving,127,P9_2,6.73,RES,STARVED_2,19,1.9065751436566365
6333,Cyclicfeeding_starving,127,P9_4,6.31,RES,STARVED_2,19,1.8421356765531218
6342,Cyclicfeeding_starving,136,P10_1,9.69,RES,STARVED_2,28,2.2710944259026746
6343,Cyclicfeeding_starving,136,P10_2,1.23,RES,STARVED_2,28,0.20701416938432612
6344,Cyclicfeeding_starving,136,P10_3,1.01,RES,STARVED_2,28,0.009950330853168092
6345,Cyclicfeeding_starving,136,P10_4,6.89,RES,STARVED_2,28,1.9300710850255671
6347,Cyclicfeeding_starving,136,P10_6,0.43,RES,STARVED_2,28,-0.843970070294529
6348,Cyclicfeeding_starving,136,P11_1,9.57,RES,STARVED_2,28,2.258633205464863
6350,Cyclicfeeding_starving,136,P11_3,7.55,RES,STARVED_2,28,2.0215475632609334
6354,Cyclicfeeding_starving,136,P12_1,8.01,RES,STARVED_2,28,2.080690761080268
6356,Cyclicfeeding_starving,136,P12_3,14.31,RES,STARVED_2,28,2.6609585935683597
6357,Cyclicfeeding_starving,136,P12_4,7.26,RES,STARVED_2,28,1.9823798288367047
6365,Cyclicfeeding_starving,136,P13_6,7.52,RES,STARVED_2,28,2.017566137961748
6366,Cyclicfeeding_starving,136,P14_1,8.98,RES,STARVED_2,28,2.194999882314108
6367,Cyclicfeeding_starving,136,P14_2,10.04,RES,STARVED_2,28,2.306577114263583
6369,Cyclicfeeding_starving,136,P14_4,2.69,RES,STARVED_2,28,0.9895411936137477
6378,Cyclicfeeding_starving,136,P16_1,0.91,RES,STARVED_2,28,-0.09431067947124129
6380,Cyclicfeeding_starving,136,P16_3,9.34,RES,STARVED_2,28,2.234306252240751
6382,Cyclicfeeding_starving,136,P16_5,1.86,RES,STARVED_2,28,0.62057648772511
6426,Cyclicfeeding_starving,136,P9_1,4.66,RES,STARVED_2,28,1.5390154481375546
6427,Cyclicfeeding_starving,136,P9_2,5.19,RES,STARVED_2,28,1.6467336971777973
6429,Cyclicfeeding_starving,136,P9_4,5.94,RES,STARVED_2,28,1.7817091333745536
6438,Cyclicfeeding_starving,145,P10_1,10.88,RES,STARVED_2,37,2.3869262414277967
6439,Cyclicfeeding_starving,145,P10_2,1.3,RES,STARVED_2,37,0.26236426446749106
6440,Cyclicfeeding_starving,145,P10_3,0.64,RES,STARVED_2,37,-0.4462871026284195
6441,Cyclicfeeding_starving,145,P10_4,6.43,RES,STARVED_2,37,1.860974538249528
6443,Cyclicfeeding_starving,145,P10_6,0.36,RES,STARVED_2,37,-1.0216512475319814
6444,Cyclicfeeding_starving,145,P11_1,5.63,RES,STARVED_2,37,1.728109442151599
6446,Cyclicfeeding_starving,145,P11_3,5.64,RES,STARVED_2,37,1.7298840655099674
6450,Cyclicfeeding_starving,145,P12_1,6.37,RES,STARVED_2,37,1.851599469584072
6452,Cyclicfeeding_starving,145,P12_3,8.52,RES,STARVED_2,37,2.1424163408412245
6453,Cyclicfeeding_starving,145,P12_4,6.19,RES,STARVED_2,37,1.8229350866965048
6461,Cyclicfeeding_starving,145,P13_6,3.36,RES,STARVED_2,37,1.2119409739751128
6462,Cyclicfeeding_starving,145,P14_1,9.6,RES,STARVED_2,37,2.2617630984737906
6463,Cyclicfeeding_starving,145,P14_2,18.78,RES,STARVED_2,37,2.932792473780117
6465,Cyclicfeeding_starving,145,P14_4,2.2,RES,STARVED_2,37,0.7884573603642703
6474,Cyclicfeeding_starving,145,P16_1,0.5,RES,STARVED_2,37,-0.6931471805599453
6476,Cyclicfeeding_starving,145,P16_3,9.49,RES,STARVED_2,37,2.2502386126218363
6478,Cyclicfeeding_starving,145,P16_5,1.53,RES,STARVED_2,37,0.4252677354043441
6522,Cyclicfeeding_starving,145,P9_1,3.81,RES,STARVED_2,37,1.3376291891386096
6523,Cyclicfeeding_starving,145,P9_2,5.18,RES,STARVED_2,37,1.6448050562713916
6525,Cyclicfeeding_starving,145,P9_4,4.21,RES,STARVED_2,37,1.43746264769429
6534,Cyclicfeeding_starving,153,P10_1,6.98,RES,STARVED_2,45,1.9430489167742813
6535,Cyclicfeeding_starving,153,P10_2,0.64,RES,STARVED_2,45,-0.4462871026284195
6536,Cyclicfeeding_starving,153,P10_3,0.41,RES,STARVED_2,45,-0.8915981192837836
6537,Cyclicfeeding_starving,153,P10_4,8.06,RES,STARVED_2,45,2.086913556518537
6539,Cyclicfeeding_starving,153,P10_6,0.35,RES,STARVED_2,45,-1.0498221244986778
6540,Cyclicfeeding_starving,153,P11_1,4.59,RES,STARVED_2,45,1.5238800240724537
6542,Cyclicfeeding_starving,153,P11_3,4.48,RES,STARVED_2,45,1.4996230464268938
6546,Cyclicfeeding_starving,153,P12_1,4.95,RES,STARVED_2,45,1.599387576580599
6548,Cyclicfeeding_starving,153,P12_3,8.45,RES,STARVED_2,45,2.134166441369082
6549,Cyclicfeeding_starving,153,P12_4,3.14,RES,STARVED_2,45,1.144222799920162
6557,Cyclicfeeding_starving,153,P13_6,5.37,RES,STARVED_2,45,1.6808279085207734
6558,Cyclicfeeding_starving,153,P14_1,8.31,RES,STARVED_2,45,2.1174596088673567
6559,Cyclicfeeding_starving,153,P14_2,9.27,RES,STARVED_2,45,2.2267833795777636
6561,Cyclicfeeding_starving,153,P14_4,1.5,RES,STARVED_2,45,0.4054651081081644
6570,Cyclicfeeding_starving,153,P16_1,0.3,RES,STARVED_2,45,-1.2039728043259361
6572,Cyclicfeeding_starving,153,P16_3,4.9,RES,STARVED_2,45,1.589235205116581
6574,Cyclicfeeding_starving,153,P16_5,1.57,RES,STARVED_2,45,0.45107561936021673
6618,Cyclicfeeding_starving,153,P9_1,3.7,RES,STARVED_2,45,1.308332819650179
6619,Cyclicfeeding_starving,153,P9_2,4.86,RES,STARVED_2,45,1.5810384379124025
6621,Cyclicfeeding_starving,153,P9_4,3.36,RES,STARVED_2,45,1.2119409739751128
6630,Cyclicfeeding_starving,164,P10_1,4.51,RES,STARVED_2,56,1.506297153514587
6631,Cyclicfeeding_starving,164,P10_2,0.47,RES,STARVED_2,56,-0.7550225842780328
6632,Cyclicfeeding_starving,164,P10_3,0.35,RES,STARVED_2,56,-1.0498221244986778
6633,Cyclicfeeding_starving,164,P10_4,3.06,RES,STARVED_2,56,1.1184149159642893
6635,Cyclicfeeding_starving,164,P10_6,0.31,RES,STARVED_2,56,-1.171182981502945
6636,Cyclicfeeding_starving,164,P11_1,4.9,RES,STARVED_2,56,1.589235205116581
6638,Cyclicfeeding_starving,164,P11_3,3.99,RES,STARVED_2,56,1.3837912309017721
6642,Cyclicfeeding_starving,164,P12_1,4.55,RES,STARVED_2,56,1.5151272329628591
6644,Cyclicfeeding_starving,164,P12_3,7.74,RES,STARVED_2,56,2.046401687601636
6645,Cyclicfeeding_starving,164,P12_4,2.23,RES,STARVED_2,56,0.8020015854720274
6653,Cyclicfeeding_starving,164,P13_6,3.91,RES,STARVED_2,56,1.3635373739972745
6654,Cyclicfeeding_starving,164,P14_1,8.3,RES,STARVED_2,56,2.1162555148025524
6655,Cyclicfeeding_starving,164,P14_2,7.34,RES,STARVED_2,56,1.9933388426264242
6657,Cyclicfeeding_starving,164,P14_4,1.39,RES,STARVED_2,56,0.3293037471426003
6666,Cyclicfeeding_starving,164,P16_1,0.23,RES,STARVED_2,56,-1.4696759700589417
6668,Cyclicfeeding_starving,164,P16_3,6.14,RES,STARVED_2,56,1.814824742159051
6670,Cyclicfeeding_starving,164,P16_5,1.3,RES,STARVED_2,56,0.26236426446749106
6714,Cyclicfeeding_starving,164,P9_1,2.74,RES,STARVED_2,56,1.007957920399979
6715,Cyclicfeeding_starving,164,P9_2,5.46,RES,STARVED_2,56,1.6974487897568136
6717,Cyclicfeeding_starving,164,P9_4,0.1,RES,STARVED_2,56,-2.3025850929940455
6726,Cyclicfeeding_starving,173,P10_1,4.16,RES,STARVED_2,65,1.425515074273172
6727,Cyclicfeeding_starving,173,P10_2,0.45,RES,STARVED_2,65,-0.7985076962177716
6728,Cyclicfeeding_starving,173,P10_3,0.27,RES,STARVED_2,65,-1.3093333199837622
6729,Cyclicfeeding_starving,173,P10_4,6.35,RES,STARVED_2,65,1.8484548129046001
6731,Cyclicfeeding_starving,173,P10_6,0.21,RES,STARVED_2,65,-1.5606477482646683
6732,Cyclicfeeding_starving,173,P11_1,3.21,RES,STARVED_2,65,1.1662709371419244
6734,Cyclicfeeding_starving,173,P11_3,2.53,RES,STARVED_2,65,0.9282193027394288
6738,Cyclicfeeding_starving,173,P12_1,4.92,RES,STARVED_2,65,1.5933085305042167
6740,Cyclicfeeding_starving,173,P12_3,5.59,RES,STARVED_2,65,1.7209792871670078
6741,Cyclicfeeding_starving,173,P12_4,1.7,RES,STARVED_2,65,0.5306282510621704
6749,Cyclicfeeding_starving,173,P13_6,3.19,RES,STARVED_2,65,1.1600209167967532
6750,Cyclicfeeding_starving,173,P14_1,7.76,RES,STARVED_2,65,2.048982334195127
6751,Cyclicfeeding_starving,173,P14_2,8.15,RES,STARVED_2,65,2.0980179272527715
6753,Cyclicfeeding_starving,173,P14_4,0.9,RES,STARVED_2,65,-0.10536051565782628
6764,Cyclicfeeding_starving,173,P16_3,3.11,RES,STARVED_2,65,1.1346227261911428
6766,Cyclicfeeding_starving,173,P16_5,0.8,RES,STARVED_2,65,-0.2231435513142097
6810,Cyclicfeeding_starving,173,P9_1,2.21,RES,STARVED_2,65,0.7929925155296614
6811,Cyclicfeeding_starving,173,P9_2,4.2,RES,STARVED_2,65,1.4350845252893227
6813,Cyclicfeeding_starving,173,P9_4,3.79,RES,STARVED_2,65,1.332366019094335
6822,Cyclicfeeding_starving,186,P10_1,4.3,RES,STARVED_2,78,1.4586150226995167
6823,Cyclicfeeding_starving,186,P10_2,0.29,RES,STARVED_2,78,-1.2378743560016174
6824,Cyclicfeeding_starving,186,P10_3,0.18,RES,STARVED_2,78,-1.7147984280919266
6825,Cyclicfeeding_starving,186,P10_4,3.7,RES,STARVED_2,78,1.308332819650179
6827,Cyclicfeeding_starving,186,P10_6,0.1,RES,STARVED_2,78,-2.3025850929940455
6828,Cyclicfeeding_starving,186,P11_1,2.14,RES,STARVED_2,78,0.7608058290337602
6830,Cyclicfeeding_starving,186,P11_3,1.51,RES,STARVED_2,78,0.412109650826833
6834,Cyclicfeeding_starving,186,P12_1,3.81,RES,STARVED_2,78,1.3376291891386096
6836,Cyclicfeeding_starving,186,P12_3,3.41,RES,STARVED_2,78,1.2267122912954254
6837,Cyclicfeeding_starving,186,P12_4,1.8,RES,STARVED_2,78,0.5877866649021191
6845,Cyclicfeeding_starving,186,P13_6,3.06,RES,STARVED_2,78,1.1184149159642893
6846,Cyclicfeeding_starving,186,P14_1,4.53,RES,STARVED_2,78,1.5107219394949427
6847,Cyclicfeeding_starving,186,P14_2,6.07,RES,STARVED_2,78,1.803358605071407
6849,Cyclicfeeding_starving,186,P14_4,0.64,RES,STARVED_2,78,-0.4462871026284195
6860,Cyclicfeeding_starving,186,P16_3,2.5,RES,STARVED_2,78,0.9162907318741551
6862,Cyclicfeeding_starving,186,P16_5,0.69,RES,STARVED_2,78,-0.37106368139083207
6906,Cyclicfeeding_starving,186,P9_1,0.91,RES,STARVED_2,78,-0.09431067947124129
6907,Cyclicfeeding_starving,186,P9_2,2.37,RES,STARVED_2,78,0.8628899551470398
6909,Cyclicfeeding_starving,186,P9_4,2.37,RES,STARVED_2,78,0.8628899551470398
6918,Cyclicfeeding_starving,194,P10_1,3.04,RES,STARVED_2,86,1.1118575154181303
6919,Cyclicfeeding_starving,194,P10_2,0.23,RES,STARVED_2,86,-1.4696759700589417
6920,Cyclicfeeding_starving,194,P10_3,0.11,RES,STARVED_2,86,-2.2072749131897207
6921,Cyclicfeeding_starving,194,P10_4,3.52,RES,STARVED_2,86,1.2584609896100056
6924,Cyclicfeeding_starving,194,P11_1,2.74,RES,STARVED_2,86,1.007957920399979
6926,Cyclicfeeding_starving,194,P11_3,0.98,RES,STARVED_2,86,-0.020202707317519466
6930,Cyclicfeeding_starving,194,P12_1,1.67,RES,STARVED_2,86,0.5128236264286637
6932,Cyclicfeeding_starving,194,P12_3,4.0,RES,STARVED_2,86,1.3862943611198906
6933,Cyclicfeeding_starving,194,P12_4,1.18,RES,STARVED_2,86,0.16551443847757333
6941,Cyclicfeeding_starving,194,P13_6,2.6,RES,STARVED_2,86,0.9555114450274363
6942,Cyclicfeeding_starving,194,P14_1,3.58,RES,STARVED_2,86,1.275362800412609
6943,Cyclicfeeding_starving,194,P14_2,4.25,RES,STARVED_2,86,1.4469189829363254
6945,Cyclicfeeding_starving,194,P14_4,0.35,RES,STARVED_2,86,-1.0498221244986778
6956,Cyclicfeeding_starving,194,P16_3,1.93,RES,STARVED_2,86,0.6575200029167941
6958,Cyclicfeeding_starving,194,P16_5,0.47,RES,STARVED_2,86,-0.7550225842780328
7002,Cyclicfeeding_starving,194,P9_1,0.46,RES,STARVED_2,86,-0.7765287894989963
7003,Cyclicfeeding_starving,194,P9_2,2.03,RES,STARVED_2,86,0.7080357930536959
7005,Cyclicfeeding_starving,194,P9_4,1.65,RES,STARVED_2,86,0.5007752879124892
7014,Cyclicfeeding_starving,216,P10_1,1.81,RES,STARVED_2,108,0.5933268452777344
7015,Cyclicfeeding_starving,216,P10_2,0.1,RES,STARVED_2,108,-2.3025850929940455
7017,Cyclicfeeding_starving,216,P10_4,2.53,RES,STARVED_2,108,0.9282193027394288
7020,Cyclicfeeding_starving,216,P11_1,1.84,RES,STARVED_2,108,0.6097655716208943
7022,Cyclicfeeding_starving,216,P11_3,0.25,RES,STARVED_2,108,-1.3862943611198906
7026,Cyclicfeeding_starving,216,P12_1,1.37,RES,STARVED_2,108,0.3148107398400336
7028,Cyclicfeeding_starving,216,P12_3,1.07,RES,STARVED_2,108,0.06765864847381486
7029,Cyclicfeeding_starving,216,P12_4,0.93,RES,STARVED_2,108,-0.07257069283483537
7037,Cyclicfeeding_starving,216,P13_6,1.69,RES,STARVED_2,108,0.5247285289349821
7038,Cyclicfeeding_starving,216,P14_1,3.27,RES,STARVED_2,108,1.184789984909162
7039,Cyclicfeeding_starving,216,P14_2,4.68,RES,STARVED_2,108,1.5432981099295553
7041,Cyclicfeeding_starving,216,P14_4,0.17,RES,STARVED_2,108,-1.7719568419318752
7052,Cyclicfeeding_starving,216,P16_3,1.38,RES,STARVED_2,108,0.3220834991691132
7054,Cyclicfeeding_starving,216,P16_5,0.34,RES,STARVED_2,108,-1.0788096613719298
7098,Cyclicfeeding_starving,216,P9_1,1.66,RES,STARVED_2,108,0.5068176023684519
7099,Cyclicfeeding_starving,216,P9_2,2.05,RES,STARVED_2,108,0.7178397931503168
